ID,Film_Date,Published_Date,Tags_Count
1,25-02-2006,27-06-2006,7
2,25-02-2006,27-06-2006,9
3,24-02-2006,27-06-2006,9
4,26-02-2006,27-06-2006,9
5,22-02-2006,28-06-2006,11
6,02-02-2006,28-06-2006,7
7,24-02-2006,10-07-2006,9
8,23-02-2006,10-07-2006,5
9,02-02-2006,18-07-2006,9
10,25-02-2006,18-07-2006,8
11,26-02-2006,25-07-2006,10
12,26-02-2006,25-07-2006,10
13,23-02-2006,25-07-2006,8
14,06-02-2006,01-08-2006,4
15,23-02-2006,01-08-2006,8
16,23-02-2006,08-08-2006,6
17,26-02-2004,08-08-2006,6
18,24-02-2006,15-08-2006,8
19,25-02-2005,15-08-2006,9
20,14-07-2005,21-08-2006,8
21,23-02-2006,21-08-2006,7
22,24-02-2004,25-08-2006,10
23,23-02-2006,25-08-2006,8
24,24-02-2006,06-09-2006,8
25,04-02-2004,06-09-2006,9
26,14-07-2005,12-09-2006,9
27,07-07-2005,12-09-2006,8
28,27-02-2004,19-09-2006,6
29,26-02-2004,19-09-2006,9
30,02-02-2004,26-09-2006,8
31,15-07-2005,26-09-2006,9
32,26-02-2005,02-10-2006,6
33,14-07-2005,02-10-2006,8
34,13-07-2005,10-10-2006,13
35,01-07-2005,10-10-2006,10
36,14-07-2005,18-10-2006,6
37,12-07-2005,18-10-2006,12
38,24-02-2006,25-10-2006,10
39,24-02-2005,25-10-2006,9
40,24-02-2005,31-10-2006,8
41,17-02-2005,31-10-2006,9
42,24-02-2005,31-10-2006,8
43,14-07-2005,08-11-2006,5
44,23-02-2006,08-11-2006,6
45,24-02-2005,14-11-2006,9
46,24-02-2005,14-11-2006,8
47,23-02-2006,06-12-2006,10
48,23-02-2005,14-12-2006,7
49,30-11-2006,14-12-2006,6
50,23-02-2006,14-12-2006,8
51,14-07-2005,02-01-2007,10
52,02-02-2005,02-01-2007,10
53,03-02-2003,09-01-2007,7
54,23-02-2006,09-01-2007,9
55,14-07-2005,17-01-2007,9
56,02-02-2006,17-01-2007,5
57,30-11-2006,31-01-2007,9
58,14-07-2005,31-01-2007,9
59,25-02-2005,09-02-2007,6
60,25-02-2005,09-02-2007,12
61,23-02-2006,19-02-2007,9
62,02-02-2006,19-02-2007,10
63,07-07-2005,28-02-2007,9
64,08-03-2007,03-04-2007,8
65,08-03-2007,03-04-2007,10
66,08-03-2007,03-04-2007,10
67,01-03-2002,05-04-2007,8
68,27-02-2003,05-04-2007,6
69,02-02-2005,05-04-2007,8
70,26-02-2004,05-04-2007,6
71,02-02-2002,05-04-2007,11
72,02-02-2003,05-04-2007,9
73,02-02-2004,05-04-2007,5
74,07-07-2005,05-04-2007,10
75,25-02-2005,05-04-2007,5
76,02-02-2002,05-04-2007,8
77,14-12-2006,05-04-2007,6
78,14-07-2005,05-04-2007,4
79,27-02-2003,05-04-2007,6
80,14-07-2005,05-04-2007,7
81,24-02-2005,05-04-2007,10
82,24-02-2005,05-04-2007,11
83,27-02-2004,05-04-2007,7
84,02-02-2004,05-04-2007,8
85,02-02-2005,05-04-2007,8
86,25-02-2004,05-04-2007,6
87,26-02-2006,06-04-2007,6
88,02-02-2005,06-04-2007,5
89,27-02-2003,06-04-2007,8
90,02-02-2003,07-04-2007,5
91,02-02-2005,07-04-2007,10
92,02-02-2003,10-04-2007,9
93,02-02-2006,10-04-2007,6
94,02-02-2003,15-04-2007,7
95,02-02-2003,15-04-2007,9
96,02-02-2005,16-04-2007,7
97,02-02-2002,16-04-2007,5
98,02-02-2006,16-04-2007,4
99,02-02-2004,16-04-2007,4
100,02-02-2004,27-04-2007,6
101,02-02-2002,02-05-2007,6
102,02-02-2004,04-05-2007,8
103,03-03-2006,07-05-2007,8
104,02-02-2004,12-05-2007,9
105,02-02-2002,15-05-2007,8
106,02-02-2006,17-05-2007,9
107,02-02-2003,21-05-2007,8
108,02-02-2003,21-05-2007,9
109,03-03-2007,27-05-2007,8
110,03-03-2007,27-05-2007,7
111,03-03-2007,30-05-2007,6
112,03-03-2007,05-06-2007,4
113,01-12-2006,06-06-2007,7
114,02-02-2002,12-06-2007,11
115,02-02-2005,14-06-2007,7
116,02-02-2006,19-06-2007,7
117,03-03-2007,20-06-2007,5
118,03-03-2007,25-06-2007,11
119,03-03-2007,27-06-2007,9
120,02-02-2002,03-07-2007,6
121,02-02-2006,04-07-2007,7
122,03-03-2007,09-07-2007,5
123,03-03-2007,12-07-2007,7
124,03-03-2007,17-07-2007,5
125,03-03-2007,17-07-2007,3
126,03-03-2007,22-07-2007,9
127,03-03-2007,24-07-2007,4
128,05-06-2007,30-07-2007,8
129,07-06-2007,31-07-2007,11
130,05-06-2007,31-07-2007,8
131,04-06-2007,31-07-2007,5
132,06-06-2007,03-08-2007,6
133,06-06-2007,09-08-2007,7
134,05-06-2007,12-08-2007,9
135,07-06-2007,15-08-2007,7
136,08-06-2007,21-08-2007,5
137,03-03-2007,22-08-2007,7
138,09-03-2007,28-08-2007,10
139,03-03-2007,30-08-2007,5
140,06-06-2007,04-09-2007,7
141,03-03-2007,06-09-2007,9
142,07-07-2005,09-09-2007,5
143,03-03-2007,10-09-2007,8
144,03-03-2007,13-09-2007,6
145,07-06-2007,18-09-2007,8
146,03-03-2007,20-09-2007,4
147,02-02-2002,25-09-2007,9
148,02-02-2003,26-09-2007,9
149,03-03-2007,01-10-2007,10
150,03-03-2007,03-10-2007,4
151,03-03-2007,09-10-2007,9
152,06-03-2007,11-10-2007,7
153,03-03-2007,16-10-2007,6
154,03-03-2007,18-10-2007,7
155,03-03-2007,21-10-2007,7
156,06-06-2007,25-10-2007,6
157,02-02-2001,30-10-2007,9
158,02-02-2004,01-11-2007,12
159,03-03-2007,06-11-2007,5
160,03-03-2007,08-11-2007,5
161,09-09-2007,13-11-2007,7
162,09-09-2007,15-11-2007,7
163,01-01-2007,21-11-2007,5
164,02-02-2005,27-11-2007,5
165,06-06-2007,29-11-2007,6
166,03-03-2007,04-12-2007,5
167,03-03-2007,06-12-2007,5
168,02-02-2005,11-12-2007,8
169,02-02-2005,13-12-2007,5
170,03-03-2007,18-12-2007,5
171,03-03-2007,20-12-2007,5
172,03-03-2007,21-12-2007,7
173,03-03-2007,03-01-2008,8
174,07-03-2007,04-01-2008,2
175,02-02-2003,08-01-2008,6
176,03-03-2007,10-01-2008,6
177,03-03-2007,11-01-2008,7
178,03-03-2007,15-01-2008,4
179,28-02-2002,17-01-2008,7
180,03-03-2007,18-01-2008,8
181,02-02-2002,21-01-2008,7
182,03-03-2007,23-01-2008,7
183,03-03-2007,24-01-2008,4
184,07-07-2005,28-01-2008,4
185,02-02-2002,30-01-2008,7
186,03-03-2007,31-01-2008,5
187,03-03-2007,04-02-2008,10
188,02-02-2002,06-02-2008,9
189,03-03-2007,07-02-2008,11
190,02-02-2005,11-02-2008,8
191,02-02-2002,13-02-2008,4
192,02-02-2002,14-02-2008,10
193,03-03-2002,18-02-2008,7
194,03-03-2007,20-02-2008,7
195,02-02-2002,22-02-2008,4
196,06-06-2007,25-02-2008,5
197,03-03-2007,27-02-2008,9
198,27-02-2008,28-02-2008,7
199,03-03-2007,04-03-2008,5
200,28-02-2008,06-03-2008,8
201,02-02-1984,11-03-2008,8
202,27-02-2008,12-03-2008,6
203,03-03-1990,13-03-2008,5
204,28-02-2008,18-03-2008,11
205,28-02-2008,19-03-2008,5
206,28-02-2008,20-03-2008,7
207,01-01-2007,24-03-2008,3
208,29-02-2008,25-03-2008,8
209,28-02-2006,26-03-2008,5
210,06-06-2007,27-03-2008,6
211,29-02-2008,01-04-2008,6
212,03-03-2007,02-04-2008,7
213,03-03-2007,03-04-2008,9
214,27-02-2008,04-04-2008,7
215,03-03-2008,08-04-2008,4
216,28-02-2008,11-04-2008,8
217,03-03-2008,15-04-2008,9
218,07-07-2005,16-04-2008,8
219,06-06-2007,17-04-2008,9
220,02-02-2008,22-04-2008,4
221,02-02-2005,23-04-2008,5
222,03-03-2008,29-04-2008,6
223,03-03-2007,30-04-2008,5
224,06-06-2007,01-05-2008,5
225,03-03-2008,06-05-2008,7
226,03-03-2007,07-05-2008,10
227,03-03-2002,08-05-2008,7
228,03-03-2008,13-05-2008,6
229,03-03-2008,14-05-2008,7
230,12-12-2007,15-05-2008,5
231,29-02-2008,20-05-2008,9
232,29-02-2008,21-05-2008,6
233,03-03-2004,27-05-2008,6
234,06-06-2007,27-05-2008,7
235,03-03-2008,28-05-2008,9
236,29-02-2008,03-06-2008,6
237,03-03-2007,04-06-2008,9
238,06-06-2007,05-06-2008,5
239,02-02-2008,10-06-2008,7
240,03-03-2007,11-06-2008,5
241,03-03-2003,16-06-2008,8
242,02-02-2008,16-06-2008,7
243,03-03-2008,16-06-2008,6
244,02-02-2002,19-06-2008,7
245,02-02-2007,23-06-2008,7
246,12-07-2005,24-06-2008,7
247,02-02-2008,25-06-2008,7
248,12-12-2007,26-06-2008,4
249,29-02-2008,27-06-2008,7
250,12-02-2008,30-06-2008,3
251,02-02-2008,30-06-2008,6
252,12-12-2007,02-07-2008,7
253,03-03-2007,03-07-2008,8
254,06-06-2007,07-07-2008,7
255,03-03-2003,08-07-2008,9
256,02-02-2008,09-07-2008,6
257,01-07-2005,10-07-2008,7
258,02-02-2008,11-07-2008,8
259,02-02-2003,14-07-2008,10
260,02-02-2008,15-07-2008,10
261,02-02-1998,16-07-2008,6
262,02-12-2007,17-07-2008,7
263,02-02-2004,18-07-2008,4
264,02-02-2004,21-07-2008,9
265,06-06-2007,22-07-2008,4
266,02-02-2008,22-07-2008,8
267,02-02-2008,23-07-2008,9
268,12-12-2007,24-07-2008,8
269,02-02-2003,28-07-2008,5
270,12-12-2007,28-07-2008,5
271,06-06-2007,30-07-2008,8
272,02-02-2008,30-07-2008,6
273,02-02-2008,01-08-2008,4
274,02-02-2008,18-08-2008,10
275,06-06-2007,18-08-2008,8
276,02-02-2008,19-08-2008,7
277,02-02-2005,20-08-2008,4
278,03-12-2007,21-08-2008,4
279,02-02-2008,22-08-2008,5
280,12-12-2007,26-08-2008,6
281,02-02-2007,27-08-2008,6
282,06-06-2007,28-08-2008,6
283,02-02-2006,29-08-2008,4
284,02-02-2008,02-09-2008,7
285,07-07-2005,03-09-2008,6
286,12-12-2007,04-09-2008,5
287,02-02-2007,05-09-2008,5
288,06-06-2007,08-09-2008,8
289,29-02-2008,09-09-2008,5
290,12-12-2007,10-09-2008,10
291,28-02-1998,11-09-2008,7
292,02-02-2005,12-09-2008,4
293,02-02-2002,15-09-2008,6
294,12-12-2007,16-09-2008,7
295,01-03-2008,17-09-2008,8
296,07-07-2005,18-09-2008,8
297,01-03-2007,19-09-2008,5
298,02-02-2003,22-09-2008,8
299,02-02-2008,23-09-2008,9
300,02-02-2008,24-09-2008,4
301,12-12-2007,25-09-2008,9
302,28-02-2003,26-09-2008,9
303,02-02-2003,29-09-2008,6
304,02-02-2008,30-09-2008,6
305,02-02-2003,01-10-2008,8
306,12-12-2007,02-10-2008,5
307,03-10-2008,03-10-2008,7
308,02-02-2006,06-10-2008,5
309,02-02-2008,07-10-2008,6
310,02-02-2003,08-10-2008,6
311,02-02-2003,10-10-2008,6
312,02-02-2008,14-10-2008,3
313,12-12-2007,15-10-2008,4
314,02-02-2004,16-10-2008,7
315,02-02-2004,17-10-2008,4
316,02-02-2008,21-10-2008,9
317,02-02-1998,22-10-2008,8
318,29-02-2004,23-10-2008,6
319,28-02-2003,24-10-2008,9
320,28-02-2003,27-10-2008,7
321,02-02-2008,28-10-2008,7
322,02-02-2005,30-10-2008,10
323,06-06-2007,31-10-2008,7
324,01-10-2009,31-10-2008,4
325,01-10-2009,31-10-2008,5
326,01-10-2009,31-10-2008,6
327,14-10-2009,31-10-2008,4
328,01-10-2009,31-10-2008,6
329,14-10-2009,01-11-2008,4
330,28-02-2005,03-11-2008,6
331,02-02-2005,04-11-2008,6
332,02-02-2008,05-11-2008,3
333,07-05-2008,06-11-2008,6
334,02-02-2005,07-11-2008,7
335,02-02-2003,10-11-2008,7
336,02-02-2008,11-11-2008,6
337,07-05-2008,12-11-2008,10
338,02-02-2006,13-11-2008,7
339,02-02-2004,17-11-2008,6
340,02-02-2008,18-11-2008,7
341,06-06-2007,19-11-2008,9
342,08-05-2008,20-11-2008,10
343,02-02-2006,24-11-2008,5
344,18-07-2008,25-11-2008,4
345,02-02-2008,26-11-2008,8
346,02-02-2008,01-12-2008,9
347,02-02-2008,02-12-2008,6
348,08-05-2008,03-12-2008,9
349,28-02-2005,04-12-2008,7
350,03-03-2007,05-12-2008,6
351,01-03-2004,08-12-2008,7
352,02-02-2001,09-12-2008,5
353,19-07-2008,10-12-2008,7
354,29-02-2008,14-12-2008,10
355,07-07-2005,16-12-2008,10
356,19-07-2008,17-12-2008,7
357,02-02-2006,18-12-2008,10
358,02-02-2004,22-12-2008,6
359,04-12-2008,22-12-2008,6
360,07-07-2008,24-12-2008,7
361,02-02-2002,05-01-2009,7
362,05-05-2008,06-01-2009,7
363,28-02-2005,07-01-2009,9
364,02-02-2004,08-01-2009,5
365,02-02-2005,09-01-2009,1
366,02-02-2006,12-01-2009,5
367,28-02-2005,13-01-2009,9
368,17-07-2008,14-01-2009,7
369,29-02-2004,15-01-2009,4
370,05-05-2008,16-01-2009,5
371,02-02-2003,19-01-2009,5
372,02-02-2006,21-01-2009,5
373,30-06-2008,22-01-2009,6
374,02-02-2003,23-01-2009,3
375,02-02-2004,26-01-2009,5
376,27-02-2008,27-01-2009,7
377,02-02-1998,28-01-2009,6
378,02-02-2006,29-01-2009,6
379,02-02-2003,30-01-2009,8
380,02-02-2003,03-02-2009,4
381,02-02-2009,05-02-2009,9
382,05-02-2009,09-02-2009,7
383,02-02-1998,11-02-2009,5
384,06-02-2009,12-02-2009,10
385,07-02-2009,16-02-2009,8
386,04-02-2009,17-02-2009,6
387,05-02-2009,18-02-2009,7
388,05-02-2009,19-02-2009,9
389,05-02-2009,19-02-2009,7
390,05-02-2009,20-02-2009,8
391,04-02-2009,23-02-2009,6
392,05-02-2009,24-02-2009,5
393,02-02-2004,25-02-2009,7
394,12-12-2008,26-02-2009,6
395,05-02-2009,27-02-2009,7
396,02-02-1998,02-03-2009,8
397,06-02-2009,03-03-2009,8
398,06-02-2009,04-03-2009,10
399,12-12-2008,05-03-2009,3
400,06-02-2009,06-03-2009,7
401,02-02-2003,09-03-2009,3
402,06-02-2009,10-03-2009,4
403,05-02-2009,11-03-2009,7
404,08-05-2008,12-03-2009,10
405,05-02-2009,13-03-2009,6
406,05-02-2009,16-03-2009,10
407,07-02-2009,17-03-2009,9
408,12-12-2008,18-03-2009,8
409,12-05-2008,19-03-2009,4
410,05-02-2009,20-03-2009,7
411,06-02-2009,23-03-2009,6
412,02-02-2009,24-03-2009,7
413,12-12-2008,25-03-2009,2
414,01-02-2001,26-03-2009,7
415,05-02-2009,27-03-2009,11
416,09-02-2001,30-03-2009,7
417,05-02-2009,31-03-2009,6
418,06-02-2009,01-04-2009,9
419,02-02-2002,02-04-2009,5
420,04-02-2009,03-04-2009,8
421,02-02-2002,06-04-2009,6
422,07-02-2009,07-04-2009,5
423,06-02-2009,08-04-2009,10
424,02-02-2002,09-04-2009,7
425,06-02-2009,10-04-2009,4
426,05-02-2009,13-04-2009,8
427,02-02-2003,14-04-2009,7
428,05-02-2009,15-04-2009,5
429,05-12-2008,15-04-2009,6
430,05-02-2009,17-04-2009,4
431,06-02-2009,20-04-2009,6
432,02-02-2002,21-04-2009,4
433,06-02-2009,22-04-2009,6
434,07-02-2009,22-04-2009,5
435,28-02-2002,23-04-2009,6
436,07-02-2009,27-04-2009,10
437,28-02-2004,28-04-2009,5
438,05-02-2009,29-04-2009,7
439,02-02-2007,30-04-2009,7
440,05-02-2009,01-05-2009,6
441,05-02-2009,04-05-2009,4
442,02-02-2002,05-05-2009,8
443,27-02-2003,06-05-2009,6
444,06-02-2009,07-05-2009,10
445,05-02-2009,07-05-2009,9
446,04-02-2009,11-05-2009,7
447,05-02-2009,12-05-2009,5
448,06-02-2009,13-05-2009,7
449,04-02-2009,14-05-2009,12
450,04-02-2009,15-05-2009,6
451,02-02-2009,18-05-2009,8
452,12-12-2008,19-05-2009,9
453,06-02-2009,20-05-2009,7
454,06-02-2009,21-05-2009,8
455,06-02-2009,22-05-2009,5
456,05-02-2009,25-05-2009,4
457,05-02-2009,27-05-2009,5
458,04-04-2009,27-05-2009,5
459,06-02-2009,28-05-2009,9
460,01-03-2008,29-05-2009,5
461,07-02-2009,01-06-2009,6
462,07-02-2009,02-06-2009,8
463,04-02-2009,03-06-2009,8
464,27-02-2004,05-06-2009,6
465,05-02-2009,08-06-2009,2
466,06-02-2009,09-06-2009,5
467,06-02-2009,09-06-2009,7
468,02-02-2004,10-06-2009,6
469,05-02-2009,11-06-2009,7
470,06-02-2009,12-06-2009,6
471,23-03-2009,15-06-2009,7
472,03-06-2009,16-06-2009,7
473,06-02-2009,17-06-2009,5
474,06-02-2009,18-06-2009,6
475,23-03-2009,19-06-2009,6
476,06-02-2009,22-06-2009,6
477,06-06-2009,24-06-2009,5
478,10-03-2007,25-06-2009,5
479,06-02-2009,26-06-2009,1
480,05-02-2009,29-06-2009,4
481,06-02-2009,30-06-2009,6
482,06-02-2009,01-07-2009,5
483,02-02-2007,06-07-2009,5
484,06-02-2009,07-07-2009,6
485,06-02-2009,08-07-2009,5
486,05-02-2009,09-07-2009,8
487,03-06-2009,13-07-2009,11
488,06-02-2009,14-07-2009,3
489,06-02-2009,15-07-2009,7
490,05-02-2009,16-07-2009,10
491,05-02-2009,17-07-2009,7
492,21-07-2009,21-07-2009,7
493,21-07-2009,28-07-2009,5
494,20-02-2009,30-07-2009,6
495,22-07-2009,31-07-2009,3
496,21-07-2009,03-08-2009,2
497,22-07-2009,04-08-2009,7
498,22-07-2009,05-08-2009,6
499,22-07-2009,06-08-2009,9
500,23-07-2009,07-08-2009,8
501,24-07-2009,24-08-2009,7
502,23-07-2009,25-08-2009,6
503,04-06-2009,27-08-2009,12
504,06-02-2009,28-08-2009,6
505,23-07-2009,31-08-2009,10
506,23-07-2009,01-09-2009,8
507,24-07-2009,02-09-2009,5
508,23-07-2009,03-09-2009,5
509,22-07-2009,04-09-2009,5
510,23-07-2009,08-09-2009,5
511,09-09-2009,09-09-2009,4
512,22-07-2009,10-09-2009,4
513,09-02-2006,11-09-2009,6
514,23-07-2009,14-09-2009,6
515,23-07-2009,15-09-2009,6
516,23-07-2009,16-09-2009,4
517,05-02-2009,17-09-2009,8
518,22-07-2009,18-09-2009,6
519,22-07-2009,21-09-2009,6
520,23-07-2009,22-09-2009,5
521,23-07-2009,23-09-2009,5
522,23-07-2009,24-09-2009,5
523,03-06-2009,25-09-2009,11
524,23-07-2009,28-09-2009,10
525,22-07-2009,29-09-2009,6
526,24-07-2009,29-09-2009,6
527,23-07-2009,01-10-2009,7
528,23-07-2009,02-10-2009,8
529,22-07-2009,05-10-2009,5
530,23-03-2009,06-10-2009,6
531,23-07-2009,07-10-2009,6
532,23-07-2009,08-10-2009,7
533,24-07-2009,09-10-2009,6
534,22-07-2009,12-10-2009,8
535,04-02-2009,13-10-2009,7
536,23-07-2009,14-10-2009,8
537,23-07-2009,15-10-2009,7
538,21-07-2009,16-10-2009,5
539,20-08-2009,19-10-2009,6
540,23-03-2009,20-10-2009,8
541,24-07-2009,21-10-2009,6
542,24-07-2009,22-10-2009,9
543,23-07-2009,23-10-2009,7
544,23-07-2009,26-10-2009,9
545,24-07-2009,27-10-2009,10
546,23-07-2009,28-10-2009,8
547,24-07-2009,29-10-2009,6
548,23-07-2009,30-10-2009,4
549,25-07-2009,02-11-2009,8
550,21-02-2009,09-11-2009,6
551,24-07-2009,10-11-2009,6
552,21-07-2009,11-11-2009,6
553,07-07-2009,13-11-2009,5
554,05-11-2009,16-11-2009,4
555,23-07-2009,17-11-2009,9
556,21-09-2009,18-11-2009,5
557,05-11-2009,19-11-2009,4
558,23-07-2009,20-11-2009,5
559,04-11-2009,23-11-2009,7
560,24-07-2009,24-11-2009,10
561,24-07-2009,25-11-2009,7
562,04-11-2009,26-11-2009,6
563,07-11-2009,30-11-2009,7
564,22-07-2009,01-12-2009,8
565,22-07-2009,02-12-2009,8
566,06-11-2009,03-12-2009,10
567,11-12-2008,04-12-2009,6
568,05-11-2009,07-12-2009,9
569,24-07-2009,07-12-2009,6
570,09-01-2008,09-12-2009,4
571,05-11-2009,10-12-2009,8
572,12-07-2009,11-12-2009,6
573,15-07-2009,14-12-2009,5
574,06-11-2009,15-12-2009,6
575,05-11-2009,15-12-2009,8
576,05-11-2009,17-12-2009,6
577,24-07-2009,17-12-2009,6
578,05-11-2009,21-12-2009,8
579,22-07-2009,22-12-2009,5
580,06-11-2009,23-12-2009,10
581,01-09-2005,23-12-2009,4
582,07-10-2009,23-12-2009,7
583,24-07-2009,01-01-2010,6
584,05-11-2009,04-01-2010,7
585,24-07-2009,05-01-2010,4
586,02-09-2009,06-01-2010,8
587,05-11-2009,07-01-2010,5
588,06-02-2009,08-01-2010,3
589,18-09-2007,08-01-2010,5
590,08-09-2009,08-01-2010,7
591,14-03-2009,09-01-2010,4
592,06-11-2009,11-01-2010,5
593,06-11-2009,12-01-2010,5
594,09-11-2009,13-01-2010,5
595,13-10-2004,14-01-2010,5
596,03-03-2005,15-01-2010,5
597,27-10-2009,19-01-2010,4
598,06-11-2009,20-01-2010,5
599,21-10-2009,21-01-2010,5
600,06-11-2009,22-01-2010,3
601,20-12-1991,23-01-2010,5
602,12-11-2005,23-01-2010,4
603,25-10-2009,25-01-2010,7
604,10-10-2009,26-01-2010,5
605,06-11-2009,27-01-2010,6
606,05-11-2009,28-01-2010,8
607,06-11-2009,29-01-2010,3
608,05-06-2008,30-01-2010,5
609,04-11-2009,01-02-2010,8
610,10-10-2009,02-02-2010,7
611,28-07-2009,03-02-2010,10
612,10-10-2009,04-02-2010,5
613,05-05-2009,05-02-2010,6
614,30-11-2009,08-02-2010,5
615,20-02-2010,11-02-2010,6
616,11-02-2010,13-02-2010,5
617,10-02-2010,15-02-2010,3
618,10-10-2009,17-02-2010,6
619,12-02-2010,18-02-2010,7
620,20-11-2009,19-02-2010,5
621,13-02-2010,21-02-2010,4
622,10-10-2009,23-02-2010,6
623,10-02-2010,24-02-2010,9
624,05-11-2009,25-02-2010,6
625,12-02-2010,26-02-2010,4
626,10-06-2009,27-02-2010,4
627,10-02-2010,01-03-2010,8
628,11-11-2009,02-03-2010,5
629,02-02-2010,03-03-2010,5
630,09-07-1983,03-03-2010,3
631,12-02-2010,04-03-2010,10
632,02-02-2010,05-03-2010,5
633,05-05-2009,05-03-2010,6
634,10-02-2010,08-03-2010,5
635,02-02-2010,09-03-2010,4
636,10-02-2010,10-03-2010,5
637,10-10-2009,12-03-2010,5
638,20-09-2008,13-03-2010,5
639,02-02-2010,15-03-2010,5
640,11-11-2009,16-03-2010,5
641,16-05-2001,17-03-2010,8
642,12-02-2010,17-03-2010,6
643,10-10-2009,18-03-2010,7
644,11-11-2009,19-03-2010,3
645,11-02-2010,22-03-2010,8
646,02-02-2010,23-03-2010,8
647,11-02-2010,24-03-2010,4
648,20-11-2009,25-03-2010,8
649,10-02-2010,26-03-2010,8
650,09-10-2008,26-03-2010,3
651,12-02-2010,29-03-2010,6
652,06-11-2009,30-03-2010,5
653,11-02-2010,01-04-2010,5
654,11-02-2010,01-04-2010,6
655,13-02-2010,02-04-2010,4
656,18-02-2010,03-04-2010,6
657,12-02-2010,05-04-2010,5
658,26-10-2009,06-04-2010,7
659,10-09-2009,07-04-2010,6
660,11-02-2010,08-04-2010,6
661,12-02-2010,09-04-2010,4
662,11-02-2010,12-04-2010,5
663,11-02-2010,13-04-2010,5
664,13-02-2010,14-04-2010,4
665,10-02-2009,16-04-2010,6
666,11-03-2010,16-04-2010,5
667,09-04-2010,19-04-2010,8
668,02-02-2007,19-04-2010,4
669,11-02-2010,21-04-2010,5
670,14-02-2010,22-04-2010,6
671,10-02-2010,23-04-2010,5
672,05-11-2009,26-04-2010,4
673,12-02-2010,27-04-2010,8
674,08-04-2010,28-04-2010,5
675,13-02-2010,29-04-2010,6
676,10-02-2010,30-04-2010,4
677,12-02-2010,03-05-2010,4
678,17-09-2009,04-05-2010,5
679,09-04-2010,05-05-2010,5
680,06-11-2009,06-05-2010,5
681,10-02-2010,07-05-2010,4
682,12-02-2010,10-05-2010,7
683,12-02-2010,11-05-2010,8
684,10-04-2010,12-05-2010,5
685,06-03-2010,13-05-2010,6
686,12-02-2010,14-05-2010,4
687,14-05-1972,14-05-2010,5
688,10-02-2010,17-05-2010,5
689,10-02-2010,18-05-2010,4
690,10-04-2010,19-05-2010,5
691,10-04-2010,20-05-2010,6
692,21-05-2010,21-05-2010,7
693,06-02-2010,24-05-2010,5
694,13-04-2010,25-05-2010,8
695,10-02-2010,26-05-2010,7
696,05-02-2010,27-05-2010,7
697,23-07-2009,28-05-2010,5
698,10-04-2010,31-05-2010,7
699,11-02-2010,01-06-2010,7
700,16-04-2010,02-06-2010,5
701,12-02-2010,02-06-2010,9
702,19-04-2010,03-06-2010,7
703,13-04-2010,04-06-2010,5
704,11-02-2010,07-06-2010,6
705,10-02-2010,08-06-2010,6
706,19-04-2010,09-06-2010,7
707,12-02-2010,10-06-2010,10
708,12-02-2010,11-06-2010,4
709,10-02-2010,14-06-2010,6
710,10-02-2010,15-06-2010,8
711,15-04-2010,16-06-2010,5
712,13-03-2010,17-06-2010,7
713,12-11-2009,18-06-2010,6
714,12-02-2010,21-06-2010,6
715,12-02-2010,22-06-2010,4
716,25-04-2010,23-06-2010,4
717,11-11-2009,24-06-2010,5
718,12-02-2010,25-06-2010,6
719,22-06-2010,28-06-2010,5
720,26-01-2010,29-06-2010,5
721,10-04-2010,30-06-2010,5
722,11-02-2010,01-07-2010,5
723,12-02-2010,02-07-2010,5
724,12-02-2010,06-07-2010,1
725,07-05-2010,07-07-2010,6
726,11-02-2010,08-07-2010,9
727,21-06-2010,09-07-2010,7
728,28-06-2010,12-07-2010,7
729,13-07-2010,14-07-2010,4
730,14-07-2010,15-07-2010,6
731,14-07-2010,16-07-2010,5
732,16-07-2010,19-07-2010,7
733,13-07-2010,20-07-2010,4
734,15-07-2010,21-07-2010,9
735,16-07-2010,21-07-2010,7
736,11-02-2010,22-07-2010,5
737,15-07-2010,26-07-2010,8
738,28-06-2010,27-07-2010,9
739,15-05-2010,27-07-2010,5
740,14-04-2010,28-07-2010,5
741,16-07-2010,29-07-2010,8
742,15-07-2010,30-07-2010,6
743,09-07-2010,16-08-2010,4
744,15-07-2010,17-08-2010,8
745,02-12-2009,18-08-2010,8
746,09-07-2010,18-08-2010,7
747,15-07-2010,19-08-2010,3
748,16-07-2010,19-08-2010,6
749,29-07-2010,20-08-2010,7
750,09-07-2010,23-08-2010,5
751,14-07-2010,24-08-2010,3
752,19-08-2010,24-08-2010,6
753,12-04-2010,25-08-2010,7
754,28-06-2010,26-08-2010,7
755,15-07-2010,27-08-2010,4
756,16-07-2010,30-08-2010,7
757,16-07-2010,31-08-2010,6
758,04-11-2009,01-09-2010,5
759,15-07-2010,02-09-2010,7
760,15-07-2010,03-09-2010,7
761,15-07-2010,07-09-2010,6
762,06-11-2009,08-09-2010,4
763,10-10-2009,09-09-2010,5
764,26-02-2010,10-09-2010,7
765,08-09-2006,11-09-2010,5
766,15-04-2010,13-09-2010,4
767,15-07-2010,14-09-2010,8
768,15-07-2010,15-09-2010,5
769,21-06-2010,16-09-2010,7
770,09-07-2010,17-09-2010,6
771,09-07-2010,20-09-2010,8
772,15-07-2010,21-09-2010,5
773,15-07-2010,22-09-2010,6
774,15-07-2010,22-09-2010,5
775,02-02-2010,23-09-2010,6
776,09-07-2010,23-09-2010,7
777,18-09-2009,26-09-2010,4
778,15-06-2010,27-09-2010,7
779,16-07-2010,28-09-2010,4
780,15-07-2010,29-09-2010,10
781,20-09-2010,30-09-2010,6
782,09-07-2010,04-10-2010,8
783,15-07-2010,05-10-2010,5
784,16-04-2010,06-10-2010,4
785,20-09-2010,07-10-2010,7
786,12-02-2010,08-10-2010,4
787,15-07-2010,11-10-2010,5
788,20-09-2010,12-10-2010,6
789,13-07-2010,13-10-2010,7
790,09-10-2009,14-10-2010,7
791,09-07-2010,15-10-2010,9
792,12-10-2010,17-10-2010,6
793,14-07-2010,18-10-2010,6
794,16-07-2010,19-10-2010,4
795,16-04-2010,20-10-2010,7
796,15-07-2010,21-10-2010,4
797,12-02-2010,22-10-2010,5
798,02-11-2009,25-10-2010,5
799,09-07-2010,26-10-2010,8
800,07-04-2010,27-10-2010,5
801,26-04-2010,28-10-2010,6
802,14-07-2010,29-10-2010,5
803,14-07-2010,01-11-2010,5
804,14-07-2010,02-11-2010,7
805,16-04-2010,03-11-2010,5
806,16-07-2010,04-11-2010,4
807,10-02-2010,05-11-2010,4
808,16-07-2010,08-11-2010,3
809,15-07-2010,09-11-2010,5
810,19-09-2010,10-11-2010,5
811,16-07-2010,11-11-2010,6
812,15-07-2010,12-11-2010,5
813,09-07-2010,15-11-2010,5
814,10-02-2010,16-11-2010,7
815,29-04-2010,17-11-2010,8
816,15-07-2010,18-11-2010,4
817,16-04-2010,19-11-2010,6
818,13-05-2010,22-11-2010,5
819,16-07-2010,23-11-2010,5
820,18-10-2010,24-11-2010,7
821,12-10-2010,25-11-2010,7
822,28-08-2010,29-11-2010,8
823,17-10-2010,01-12-2010,5
824,14-07-2010,01-12-2010,5
825,04-06-2010,02-12-2010,6
826,15-07-2010,03-12-2010,7
827,08-12-2010,09-12-2010,5
828,07-12-2010,10-12-2010,7
829,08-12-2010,14-12-2010,6
830,07-12-2010,15-12-2010,7
831,05-11-2010,16-12-2010,4
832,08-12-2010,16-12-2010,6
833,22-05-2010,17-12-2010,9
834,14-10-2010,19-12-2010,10
835,08-12-2010,20-12-2010,6
836,08-12-2010,21-12-2010,8
837,10-09-2010,22-12-2010,6
838,06-06-2010,23-12-2010,9
839,18-11-2010,31-12-2010,5
840,07-12-2010,03-01-2011,5
841,10-10-2010,04-01-2011,5
842,05-11-2010,06-01-2011,7
843,08-12-2010,07-01-2011,5
844,30-09-2010,08-01-2011,8
845,08-12-2010,10-01-2011,5
846,08-12-2010,11-01-2011,6
847,11-11-2010,13-01-2011,4
848,08-12-2010,13-01-2011,3
849,21-10-2010,15-01-2011,8
850,08-12-2010,18-01-2011,6
851,25-10-2010,19-01-2011,5
852,14-11-2010,20-01-2011,10
853,20-11-2010,20-01-2011,8
854,08-12-2010,21-01-2011,7
855,10-10-2010,24-01-2011,6
856,10-10-2010,25-01-2011,6
857,07-12-2010,26-01-2011,8
858,23-09-2011,27-01-2011,5
859,10-10-2010,28-01-2011,4
860,08-12-2010,31-01-2011,4
861,09-01-2011,01-02-2011,11
862,08-12-2010,02-02-2011,5
863,11-07-2010,03-02-2011,6
864,08-12-2010,05-02-2011,6
865,28-05-2010,08-02-2011,7
866,08-12-2010,08-02-2011,8
867,08-12-2010,10-02-2011,6
868,10-11-2010,10-02-2011,5
869,04-06-2010,11-02-2011,5
870,18-11-2010,15-02-2011,5
871,12-10-2010,16-02-2011,6
872,08-12-2010,16-02-2011,5
873,08-01-2011,17-02-2011,2
874,08-12-2010,18-02-2011,4
875,04-11-2010,21-02-2011,4
876,14-07-2010,22-02-2011,8
877,08-12-2010,24-02-2011,2
878,26-10-2010,25-02-2011,4
879,08-12-2010,26-02-2011,4
880,02-03-2011,03-03-2011,8
881,02-03-2011,04-03-2011,5
882,04-03-2011,05-03-2011,6
883,03-03-2011,05-03-2011,4
884,03-03-2011,08-03-2011,5
885,10-12-2010,09-03-2011,6
886,02-03-2011,09-03-2011,5
887,04-03-2011,11-03-2011,4
888,04-11-2010,11-03-2011,9
889,01-03-2011,14-03-2011,4
890,01-03-2011,15-03-2011,3
891,02-03-2011,16-03-2011,3
892,10-10-2010,17-03-2011,3
893,03-03-2011,18-03-2011,4
894,04-12-2010,21-03-2011,4
895,02-03-2011,22-03-2011,5
896,11-11-2010,23-03-2011,9
897,02-03-2011,24-03-2011,5
898,11-11-2010,25-03-2011,6
899,04-12-2010,28-03-2011,4
900,03-03-2011,29-03-2011,7
901,01-03-2011,30-03-2011,5
902,02-03-2011,31-03-2011,6
903,01-03-2011,01-04-2011,7
904,02-03-2011,04-04-2011,4
905,04-03-2011,05-04-2011,6
906,18-11-2010,06-04-2011,3
907,02-03-2011,06-04-2011,7
908,03-03-2011,07-04-2011,6
909,03-12-2010,08-04-2011,3
910,04-11-2010,09-04-2011,5
911,04-03-2011,11-04-2011,7
912,10-10-2010,12-04-2011,6
913,04-03-2011,13-04-2011,3
914,01-03-2011,14-04-2011,5
915,07-12-2010,16-04-2011,2
916,10-10-2010,18-04-2011,8
917,04-03-2011,19-04-2011,2
918,04-03-2011,20-04-2011,8
919,08-12-2010,21-04-2011,6
920,04-03-2011,22-04-2011,3
921,02-03-2011,25-04-2011,6
922,10-10-2010,26-04-2011,6
923,14-01-2011,27-04-2011,9
924,02-03-2011,28-04-2011,5
925,09-12-2010,29-04-2011,6
926,03-03-2011,02-05-2011,5
927,12-12-2010,03-05-2011,5
928,02-03-2011,03-05-2011,4
929,02-03-2011,04-05-2011,9
930,14-01-2011,05-05-2011,9
931,02-03-2011,06-05-2011,11
932,02-03-2011,09-05-2011,8
933,03-03-2011,10-05-2011,9
934,02-03-2011,11-05-2011,5
935,02-03-2011,12-05-2011,3
936,14-01-2011,13-05-2011,6
937,03-03-2011,15-05-2011,4
938,02-03-2011,17-05-2011,5
939,02-03-2011,18-05-2011,6
940,03-03-2011,19-05-2011,6
941,02-02-2005,20-05-2011,3
942,28-04-2011,23-05-2011,2
943,02-03-2011,23-05-2011,7
944,03-03-2011,24-05-2011,5
945,04-12-2010,25-05-2011,5
946,03-03-2011,27-05-2011,6
947,02-03-2011,27-05-2011,5
948,06-10-2009,31-05-2011,3
949,04-03-2011,31-05-2011,6
950,11-06-2010,01-06-2011,6
951,02-03-2011,02-06-2011,3
952,03-03-2011,04-06-2011,5
953,14-05-2011,06-06-2011,4
954,04-03-2011,07-06-2011,4
955,03-03-2011,08-06-2011,7
956,03-03-2011,09-06-2011,5
957,15-12-2010,10-06-2011,4
958,03-03-2011,11-06-2011,6
959,04-04-2011,13-06-2011,5
960,03-03-2011,14-06-2011,4
961,08-01-2011,15-06-2011,7
962,03-03-2011,16-06-2011,5
963,24-05-2011,18-06-2011,5
964,02-03-2011,18-06-2011,5
965,03-03-2011,20-06-2011,7
966,03-03-2011,21-06-2011,2
967,03-03-2007,22-06-2011,3
968,18-05-2011,24-06-2011,7
969,24-05-2011,24-06-2011,5
970,01-11-2010,27-06-2011,9
971,02-03-2011,28-06-2011,4
972,04-04-2011,30-06-2011,7
973,03-03-2011,30-06-2011,5
974,03-03-2011,01-07-2011,2
975,03-03-2011,05-07-2011,8
976,18-05-2011,06-07-2011,9
977,01-12-2010,07-07-2011,3
978,02-03-2011,08-07-2011,5
979,12-07-2011,13-07-2011,4
980,12-07-2011,14-07-2011,4
981,13-07-2011,15-07-2011,4
982,13-07-2011,18-07-2011,5
983,14-07-2011,19-07-2011,7
984,13-07-2011,20-07-2011,5
985,13-07-2011,21-07-2011,4
986,15-07-2011,22-07-2011,6
987,15-07-2011,25-07-2011,6
988,12-07-2011,26-07-2011,7
989,13-07-2011,27-07-2011,4
990,14-07-2011,28-07-2011,7
991,11-07-2011,29-07-2011,3
992,11-07-2011,01-08-2011,6
993,13-07-2011,02-08-2011,4
994,13-07-2011,03-08-2011,6
995,14-07-2011,04-08-2011,4
996,01-03-2011,05-08-2011,5
997,04-12-2010,06-08-2011,6
998,12-07-2011,08-08-2011,9
999,28-06-2011,09-08-2011,7
1000,15-07-2011,10-08-2011,6
1001,11-07-2011,12-08-2011,6
1002,14-07-2011,12-08-2011,7
1003,01-03-2011,29-08-2011,5
1004,14-07-2011,30-08-2011,4
1005,13-07-2011,31-08-2011,8
1006,24-02-2011,01-09-2011,3
1007,03-12-2010,02-09-2011,5
1008,02-03-2011,06-09-2011,5
1009,30-01-2010,07-09-2011,7
1010,13-07-2011,08-09-2011,4
1011,12-07-2011,09-09-2011,6
1012,12-07-2011,12-09-2011,6
1013,13-07-2011,13-09-2011,5
1014,02-03-2011,14-09-2011,4
1015,06-07-2011,15-09-2011,7
1016,03-12-2010,16-09-2011,2
1017,16-11-2010,17-09-2011,3
1018,14-07-2011,19-09-2011,4
1019,24-07-2011,20-09-2011,8
1020,14-07-2011,21-09-2011,5
1021,14-07-2011,22-09-2011,4
1022,03-03-2011,23-09-2011,4
1023,14-07-2011,26-09-2011,6
1024,12-07-2011,27-09-2011,5
1025,14-07-2011,28-09-2011,6
1026,13-07-2011,29-09-2011,7
1027,12-07-2011,30-09-2011,4
1028,13-07-2011,03-10-2011,6
1029,19-02-2011,04-10-2011,6
1030,01-03-2011,05-10-2011,6
1031,12-06-2005,06-10-2011,9
1032,14-07-2011,06-10-2011,5
1033,13-07-2011,07-10-2011,6
1034,13-07-2011,10-10-2011,5
1035,18-05-2011,11-10-2011,5
1036,11-07-2011,12-10-2011,4
1037,13-07-2011,13-10-2011,4
1038,14-07-2011,14-10-2011,6
1039,14-07-2011,17-10-2011,7
1040,13-07-2011,18-10-2011,5
1041,30-01-2010,19-10-2011,8
1042,14-07-2011,20-10-2011,8
1043,11-07-2011,21-10-2011,5
1044,12-07-2011,24-10-2011,7
1045,21-10-2011,25-10-2011,4
1046,14-07-2011,26-10-2011,3
1047,26-05-2011,27-10-2011,13
1048,01-03-2011,28-10-2011,3
1049,14-07-2011,31-10-2011,6
1050,13-07-2011,01-11-2011,16
1051,15-07-2011,02-11-2011,5
1052,13-07-2011,03-11-2011,13
1053,13-07-2011,04-11-2011,3
1054,02-04-2011,05-11-2011,7
1055,21-03-2011,06-11-2011,6
1056,18-05-2011,08-11-2011,11
1057,14-07-2011,08-11-2011,5
1058,14-07-2011,10-11-2011,4
1059,13-07-2011,11-11-2011,15
1060,11-05-2011,12-11-2011,6
1061,02-03-2011,12-11-2011,6
1062,03-03-2011,13-11-2011,8
1063,02-12-2010,15-11-2011,10
1064,13-07-2011,15-11-2011,4
1065,22-10-2011,17-11-2011,6
1066,13-07-2011,18-11-2011,11
1067,13-07-2011,19-11-2011,7
1068,01-06-2011,19-11-2011,5
1069,02-04-2011,20-11-2011,8
1070,05-09-2011,21-11-2011,8
1071,13-07-2011,23-11-2011,5
1072,24-05-2011,24-11-2011,5
1073,23-05-2011,26-11-2011,6
1074,19-05-2011,27-11-2011,6
1075,04-03-2011,29-11-2011,5
1076,12-07-2011,30-11-2011,11
1077,22-11-2011,30-11-2011,9
1078,28-10-2011,01-12-2011,11
1079,09-11-2011,02-12-2011,3
1080,24-09-2011,03-12-2011,5
1081,09-05-2011,04-12-2011,5
1082,23-11-2011,06-12-2011,8
1083,03-04-2011,07-12-2011,7
1084,21-02-2010,07-12-2011,14
1085,24-10-2011,09-12-2011,13
1086,09-11-2011,10-12-2011,4
1087,04-10-2011,10-12-2011,5
1088,01-04-2011,11-12-2011,4
1089,12-07-2011,13-12-2011,7
1090,28-10-2011,14-12-2011,12
1091,14-07-2011,15-12-2011,5
1092,01-03-2011,16-12-2011,5
1093,13-05-2011,17-12-2011,7
1094,10-09-2011,17-12-2011,6
1095,24-09-2011,18-12-2011,4
1096,02-03-2011,20-12-2011,14
1097,12-10-2011,21-12-2011,15
1098,09-11-2011,22-12-2011,7
1099,13-07-2011,22-12-2011,5
1100,27-11-2011,23-12-2011,8
1101,28-10-2011,03-01-2012,6
1102,07-12-2011,05-01-2012,6
1103,28-12-2011,06-01-2012,6
1104,10-11-2011,07-01-2012,3
1105,13-10-2010,08-01-2012,3
1106,28-06-2011,08-01-2012,10
1107,09-11-2009,10-01-2012,5
1108,08-12-2011,11-01-2012,10
1109,11-11-2011,12-01-2012,3
1110,28-05-2011,12-01-2012,12
1111,01-12-2011,14-01-2012,7
1112,01-04-2011,14-01-2012,4
1113,22-11-2011,15-01-2012,5
1114,14-07-2011,17-01-2012,5
1115,13-07-2011,17-01-2012,4
1116,17-11-2011,18-01-2012,7
1117,17-01-2012,19-01-2012,5
1118,09-11-2011,19-01-2012,5
1119,13-09-2011,21-01-2012,9
1120,17-08-2011,21-01-2012,20
1121,03-11-2011,22-01-2012,6
1122,10-11-2011,24-01-2012,5
1123,28-10-2011,25-01-2012,5
1124,11-11-2011,26-01-2012,5
1125,02-12-2011,28-01-2012,6
1126,09-05-2011,28-01-2012,5
1127,28-06-2011,29-01-2012,6
1128,25-11-2011,30-01-2012,6
1129,25-10-2011,01-02-2012,3
1130,11-05-2011,02-02-2012,17
1131,02-12-2011,03-02-2012,7
1132,20-02-1994,04-02-2012,16
1133,07-04-2010,04-02-2012,20
1134,06-08-2011,04-02-2012,4
1135,11-11-2011,05-02-2012,4
1136,11-11-2011,06-02-2012,9
1137,24-09-2011,08-02-2012,8
1138,02-12-2010,09-02-2012,6
1139,11-11-2011,09-02-2012,8
1140,08-11-2011,11-02-2012,4
1141,23-09-2010,11-02-2012,5
1142,23-04-2011,12-02-2012,4
1143,02-12-2010,14-02-2012,19
1144,11-11-2011,14-02-2012,6
1145,06-11-2010,15-02-2012,6
1146,04-04-2011,16-02-2012,6
1147,29-03-2010,16-02-2012,13
1148,27-11-2011,18-02-2012,6
1149,19-11-2011,18-02-2012,6
1150,11-11-2011,19-02-2012,12
1151,13-07-2011,21-02-2012,5
1152,20-12-2011,22-02-2012,7
1153,09-12-2011,23-02-2012,2
1154,09-11-2011,24-02-2012,4
1155,01-12-2011,25-02-2012,4
1156,29-10-2011,26-02-2012,6
1157,13-11-2011,26-02-2012,11
1158,19-11-2011,28-02-2012,4
1159,14-07-2011,29-02-2012,5
1160,10-04-2010,29-02-2012,15
1161,28-02-2012,01-03-2012,4
1162,28-02-2012,01-03-2012,14
1163,29-02-2012,01-03-2012,4
1164,28-02-2012,03-03-2012,4
1165,01-03-2012,06-03-2012,7
1166,28-02-2012,07-03-2012,5
1167,29-02-2012,08-03-2012,5
1168,29-02-2012,09-03-2012,4
1169,01-03-2012,10-03-2012,3
1170,11-11-2011,10-03-2012,4
1171,12-11-2011,11-03-2012,6
1172,17-11-2011,12-03-2012,13
1173,12-03-2012,13-03-2012,17
1174,12-03-2012,13-03-2012,9
1175,02-11-2011,14-03-2012,16
1176,29-02-2012,14-03-2012,4
1177,01-03-2012,15-03-2012,5
1178,02-03-2012,16-03-2012,4
1179,19-11-2011,17-03-2012,5
1180,11-11-2011,18-03-2012,6
1181,01-03-2012,19-03-2012,5
1182,01-12-2011,21-03-2012,16
1183,01-03-2012,22-03-2012,11
1184,28-02-2012,23-03-2012,4
1185,12-11-2011,24-03-2012,5
1186,12-11-2011,25-03-2012,5
1187,01-03-2012,26-03-2012,4
1188,01-03-2012,27-03-2012,27
1189,02-03-2012,28-03-2012,4
1190,27-02-2012,29-03-2012,6
1191,01-03-2012,30-03-2012,6
1192,19-11-2011,31-03-2012,6
1193,11-03-2012,01-04-2012,5
1194,02-04-2012,02-04-2012,2
1195,29-02-2012,03-04-2012,6
1196,01-03-2012,04-04-2012,4
1197,29-02-2012,05-04-2012,4
1198,27-02-2012,06-04-2012,6
1199,11-11-2011,07-04-2012,7
1200,13-10-2010,08-04-2012,4
1201,29-02-2012,09-04-2012,5
1202,04-11-2011,10-04-2012,6
1203,05-04-2012,11-04-2012,6
1204,11-10-2011,12-04-2012,21
1205,27-02-2012,13-04-2012,7
1206,01-03-2012,16-04-2012,3
1207,28-02-2012,17-04-2012,3
1208,10-11-2011,18-04-2012,4
1209,06-12-2011,19-04-2012,14
1210,27-02-2012,20-04-2012,15
1211,27-02-2012,23-04-2012,14
1212,18-11-2011,24-04-2012,8
1213,25-04-2012,25-04-2012,5
1214,29-02-2012,26-04-2012,7
1215,29-02-2012,27-04-2012,6
1216,31-03-2012,28-04-2012,7
1217,11-11-2011,29-04-2012,5
1218,01-03-2012,30-04-2012,4
1219,22-03-2012,01-05-2012,20
1220,01-03-2012,02-05-2012,4
1221,29-02-2012,03-05-2012,5
1222,03-12-2011,04-05-2012,5
1223,31-03-2012,05-05-2012,6
1224,11-11-2011,06-05-2012,6
1225,01-03-2012,07-05-2012,4
1226,09-04-2012,09-05-2012,2
1227,01-03-2012,09-05-2012,15
1228,29-02-2012,10-05-2012,9
1229,28-02-2012,11-05-2012,3
1230,03-12-2011,12-05-2012,4
1231,02-04-2012,13-05-2012,5
1232,29-02-2012,14-05-2012,13
1233,27-02-2012,15-05-2012,9
1234,01-03-2012,16-05-2012,4
1235,28-02-2012,17-05-2012,14
1236,01-03-2012,18-05-2012,5
1237,11-02-2012,19-05-2012,5
1238,18-04-2012,20-05-2012,16
1239,27-02-2012,21-05-2012,15
1240,16-04-2012,22-05-2012,6
1241,01-03-2012,23-05-2012,4
1242,18-04-2012,24-05-2012,5
1243,29-02-2012,25-05-2012,7
1244,12-03-2012,26-05-2012,9
1245,04-02-2012,27-05-2012,19
1246,16-04-2012,29-05-2012,10
1247,19-04-2012,30-05-2012,6
1248,16-11-2011,31-05-2012,7
1249,28-02-2012,01-06-2012,4
1250,14-04-2012,02-06-2012,18
1251,27-04-2012,03-06-2012,4
1252,26-04-2012,04-06-2012,22
1253,11-04-2012,05-06-2012,12
1254,28-02-2012,06-06-2012,4
1255,27-02-2012,08-06-2012,15
1256,01-03-2012,08-06-2012,4
1257,10-09-2011,09-06-2012,19
1258,01-03-2012,11-06-2012,3
1259,11-04-2012,12-06-2012,8
1260,10-05-2012,13-06-2012,7
1261,01-03-2012,14-06-2012,16
1262,09-05-2012,15-06-2012,9
1263,04-05-2012,16-06-2012,5
1264,10-09-2011,17-06-2012,5
1265,11-02-2012,18-06-2012,6
1266,11-04-2012,19-06-2012,13
1267,01-03-2012,20-06-2012,10
1268,28-02-2012,21-06-2012,4
1269,17-04-2012,22-06-2012,20
1270,03-12-2011,23-06-2012,15
1271,27-04-2012,24-06-2012,5
1272,19-04-2012,25-06-2012,18
1273,19-04-2012,26-06-2012,11
1274,26-06-2012,27-06-2012,7
1275,26-06-2012,28-06-2012,3
1276,27-06-2012,29-06-2012,4
1277,30-06-2012,02-07-2012,14
1278,25-06-2012,03-07-2012,21
1279,16-04-2012,04-07-2012,8
1280,25-06-2012,05-07-2012,5
1281,28-06-2012,06-07-2012,4
1282,28-06-2012,09-07-2012,22
1283,16-04-2012,10-07-2012,20
1284,19-05-2012,11-07-2012,5
1285,28-06-2012,12-07-2012,11
1286,01-03-2012,13-07-2012,3
1287,11-02-2012,14-07-2012,5
1288,27-02-2012,15-07-2012,7
1289,29-06-2012,16-07-2012,16
1290,27-06-2012,17-07-2012,5
1291,19-05-2012,18-07-2012,6
1292,26-06-2012,19-07-2012,17
1293,27-06-2012,20-07-2012,10
1294,24-03-2012,21-07-2012,6
1295,19-04-2012,22-07-2012,3
1296,26-06-2012,23-07-2012,8
1297,27-06-2012,24-07-2012,4
1298,10-05-2012,25-07-2012,4
1299,28-06-2012,26-07-2012,4
1300,27-06-2012,27-07-2012,7
1301,22-06-2012,28-07-2012,20
1302,10-03-2012,29-07-2012,9
1303,29-06-2012,30-07-2012,6
1304,01-02-2012,31-07-2012,5
1305,26-06-2012,01-08-2012,5
1306,26-06-2012,02-08-2012,6
1307,19-05-2012,03-08-2012,5
1308,03-06-2012,04-08-2012,17
1309,20-04-2012,05-08-2012,7
1310,29-06-2012,06-08-2012,3
1311,26-06-2012,07-08-2012,21
1312,10-05-2012,09-08-2012,7
1313,29-06-2012,10-08-2012,2
1314,22-01-2012,11-08-2012,4
1315,22-06-2012,12-08-2012,4
1316,28-06-2012,13-08-2012,7
1317,22-06-2012,14-08-2012,6
1318,01-03-2012,15-08-2012,4
1319,22-06-2012,16-08-2012,4
1320,26-06-2012,17-08-2012,7
1321,28-06-2012,05-09-2012,6
1322,27-06-2012,06-09-2012,9
1323,26-06-2012,07-09-2012,3
1324,27-06-2012,08-09-2012,24
1325,22-06-2012,09-09-2012,8
1326,04-05-2012,10-09-2012,15
1327,27-06-2012,11-09-2012,5
1328,26-06-2012,12-09-2012,7
1329,28-06-2012,13-09-2012,18
1330,27-06-2012,14-09-2012,2
1331,27-06-2012,15-09-2012,5
1332,10-05-2012,16-09-2012,2
1333,25-06-2012,17-09-2012,14
1334,26-06-2012,18-09-2012,4
1335,27-06-2012,19-09-2012,4
1336,20-04-2012,20-09-2012,6
1337,11-04-2012,21-09-2012,5
1338,26-06-2012,22-09-2012,5
1339,04-06-2012,23-09-2012,7
1340,27-06-2012,24-09-2012,20
1341,26-06-2012,25-09-2012,10
1342,26-09-2012,26-09-2012,18
1343,05-06-2012,27-09-2012,12
1344,25-06-2012,28-09-2012,6
1345,02-09-2012,29-09-2012,6
1346,27-06-2012,30-09-2012,4
1347,26-06-2012,01-10-2012,6
1348,15-04-2012,02-10-2012,7
1349,26-06-2012,03-10-2012,7
1350,26-06-2012,04-10-2012,5
1351,01-03-2012,05-10-2012,2
1352,25-06-2012,08-10-2012,3
1353,26-06-2012,09-10-2012,8
1354,26-06-2012,10-10-2012,9
1355,26-06-2012,11-10-2012,8
1356,29-06-2012,12-10-2012,12
1357,26-06-2012,15-10-2012,7
1358,29-06-2012,16-10-2012,4
1359,26-06-2012,17-10-2012,15
1360,28-06-2012,18-10-2012,6
1361,26-06-2012,19-10-2012,7
1362,28-06-2012,22-10-2012,5
1363,11-05-2012,23-10-2012,13
1364,22-06-2012,24-10-2012,5
1365,04-05-2012,25-10-2012,9
1366,28-06-2012,26-10-2012,3
1367,12-06-2012,29-10-2012,8
1368,26-06-2012,30-10-2012,5
1369,22-09-2012,31-10-2012,17
1370,14-11-2011,01-11-2012,4
1371,22-04-2012,02-11-2012,4
1372,11-11-2011,06-11-2012,5
1373,21-12-2011,07-11-2012,7
1374,10-04-2012,08-11-2012,4
1375,10-05-2012,09-11-2012,9
1376,13-09-2012,10-11-2012,3
1377,29-02-2012,13-11-2012,4
1378,20-05-2012,14-11-2012,5
1379,07-06-2012,15-11-2012,2
1380,19-11-2011,16-11-2012,9
1381,26-06-2012,17-11-2012,3
1382,22-06-2012,20-11-2012,4
1383,22-06-2012,21-11-2012,10
1384,07-06-2012,22-11-2012,6
1385,11-06-2011,22-11-2012,6
1386,23-07-2012,23-11-2012,6
1387,01-09-2012,27-11-2012,4
1388,13-09-2012,27-11-2012,2
1389,01-10-2012,29-11-2012,7
1390,05-05-2012,30-11-2012,16
1391,27-06-2012,01-12-2012,5
1392,29-09-2012,04-12-2012,9
1393,03-05-2012,05-12-2012,7
1394,07-06-2012,06-12-2012,2
1395,26-06-2012,07-12-2012,18
1396,19-11-2011,08-12-2012,4
1397,25-10-2012,11-12-2012,23
1398,07-11-2012,12-12-2012,4
1399,22-04-2012,13-12-2012,7
1400,23-08-2012,14-12-2012,8
1401,07-11-2012,15-12-2012,6
1402,14-07-2012,18-12-2012,5
1403,07-11-2012,19-12-2012,17
1404,29-02-2012,19-12-2012,3
1405,17-12-2012,21-12-2012,3
1406,06-09-2012,22-12-2012,6
1407,28-06-2012,03-01-2013,5
1408,07-11-2012,04-01-2013,18
1409,28-02-2012,05-01-2013,3
1410,19-12-2012,08-01-2013,4
1411,01-12-2012,08-01-2013,5
1412,12-10-2012,10-01-2013,7
1413,05-05-2012,11-01-2013,6
1414,16-11-2012,11-01-2013,10
1415,30-11-2012,14-01-2013,8
1416,22-06-2012,16-01-2013,24
1417,27-10-2012,17-01-2013,5
1418,04-03-2012,18-01-2013,14
1419,17-11-2012,19-01-2013,7
1420,01-12-2012,23-01-2013,6
1421,26-10-2012,24-01-2013,8
1422,17-11-2012,25-01-2013,5
1423,10-11-2012,26-01-2013,6
1424,08-11-2012,29-01-2013,4
1425,17-11-2012,30-01-2013,9
1426,01-12-2012,31-01-2013,11
1427,22-04-2012,01-02-2013,8
1428,24-01-2013,02-02-2013,3
1429,01-12-2012,05-02-2013,5
1430,17-11-2012,06-02-2013,13
1431,02-03-2012,07-02-2013,5
1432,26-06-2012,08-02-2013,19
1433,12-05-2012,09-02-2013,8
1434,01-12-2012,12-02-2013,5
1435,05-10-2012,12-02-2013,12
1436,25-10-2012,14-02-2013,7
1437,11-02-2013,15-02-2013,4
1438,24-07-2010,15-02-2013,5
1439,11-04-2012,19-02-2013,20
1440,23-06-2012,20-02-2013,5
1441,12-12-2012,20-02-2013,6
1442,14-07-2012,21-02-2013,5
1443,18-01-2013,22-02-2013,15
1444,11-02-2013,26-02-2013,7
1445,24-01-2013,27-02-2013,2
1446,26-02-2013,28-02-2013,4
1447,26-02-2013,01-03-2013,3
1448,27-02-2013,02-03-2013,5
1449,28-02-2013,04-03-2013,3
1450,26-02-2013,05-03-2013,3
1451,28-02-2013,07-03-2013,6
1452,26-10-2012,08-03-2013,7
1453,28-02-2013,09-03-2013,7
1454,01-03-2013,11-03-2013,4
1455,18-01-2013,12-03-2013,5
1456,26-02-2013,13-03-2013,5
1457,26-02-2013,14-03-2013,4
1458,12-07-2012,15-03-2013,6
1459,27-02-2013,18-03-2013,4
1460,28-02-2013,19-03-2013,8
1461,28-02-2013,20-03-2013,4
1462,12-04-2012,21-03-2013,18
1463,01-03-2013,22-03-2013,7
1464,25-02-2013,25-03-2013,16
1465,28-02-2013,26-03-2013,5
1466,27-02-2013,27-03-2013,3
1467,18-01-2013,28-03-2013,6
1468,17-11-2012,29-03-2013,3
1469,28-02-2013,01-04-2013,6
1470,27-02-2013,02-04-2013,2
1471,27-02-2013,03-04-2013,6
1472,25-02-2013,04-04-2013,4
1473,10-02-2013,05-04-2013,6
1474,28-02-2013,08-04-2013,13
1475,26-02-2013,09-04-2013,2
1476,24-10-2012,10-04-2013,7
1477,27-03-2013,11-04-2013,3
1478,19-06-2012,12-04-2013,12
1479,27-02-2013,15-04-2013,6
1480,18-01-2013,16-04-2013,7
1481,01-03-2013,17-04-2013,4
1482,18-01-2013,18-04-2013,6
1483,27-02-2013,19-04-2013,4
1484,28-02-2013,22-04-2013,4
1485,26-02-2013,23-04-2013,4
1486,26-02-2013,23-04-2013,4
1487,28-02-2013,24-04-2013,7
1488,08-04-2013,25-04-2013,3
1489,25-02-2013,26-04-2013,2
1490,26-02-2013,29-04-2013,3
1491,27-02-2013,30-04-2013,14
1492,26-02-2013,01-05-2013,5
1493,26-02-2013,02-05-2013,5
1494,07-05-2013,03-05-2013,4
1495,14-09-2012,06-05-2013,5
1496,26-02-2013,07-05-2013,3
1497,07-05-2013,08-05-2013,5
1498,17-04-2013,08-05-2013,9
1499,07-05-2013,08-05-2013,3
1500,07-05-2013,08-05-2013,2
1501,07-05-2013,08-05-2013,3
1502,04-04-2013,09-05-2013,4
1503,23-04-2013,10-05-2013,5
1504,28-02-2013,13-05-2013,4
1505,07-04-2013,14-05-2013,4
1506,28-02-2013,15-05-2013,5
1507,24-04-2013,16-05-2013,4
1508,27-02-2013,17-05-2013,5
1509,01-03-2013,20-05-2013,4
1510,26-02-2013,21-05-2013,3
1511,27-02-2013,22-05-2013,5
1512,27-02-2013,23-05-2013,4
1513,27-02-2013,24-05-2013,5
1514,16-05-2013,28-05-2013,4
1515,30-11-2012,29-05-2013,7
1516,15-03-2013,30-05-2013,5
1517,28-02-2013,31-05-2013,6
1518,24-04-2013,03-06-2013,6
1519,28-02-2013,04-06-2013,3
1520,28-02-2013,05-06-2013,5
1521,27-02-2013,06-06-2013,12
1522,27-02-2013,07-06-2013,5
1523,28-02-2013,11-06-2013,3
1524,10-06-2013,12-06-2013,3
1525,11-06-2013,12-06-2013,5
1526,11-06-2013,13-06-2013,6
1527,11-06-2013,14-06-2013,7
1528,11-06-2013,17-06-2013,4
1529,11-06-2013,18-06-2013,4
1530,13-06-2013,19-06-2013,2
1531,04-05-2013,20-06-2013,7
1532,28-02-2013,21-06-2013,5
1533,12-06-2013,24-06-2013,6
1534,05-04-2013,25-06-2013,6
1535,16-05-2013,26-06-2013,4
1536,15-03-2013,27-06-2013,18
1537,26-02-2013,28-06-2013,2
1538,12-06-2013,01-07-2013,6
1539,09-02-2013,02-07-2013,5
1540,27-02-2013,03-07-2013,6
1541,26-02-2013,05-07-2013,6
1542,14-06-2013,08-07-2013,4
1543,27-02-2013,09-07-2013,3
1544,28-02-2013,10-07-2013,3
1545,27-02-2013,11-07-2013,11
1546,02-03-2012,12-07-2013,3
1547,12-06-2013,15-07-2013,3
1548,13-06-2013,16-07-2013,4
1549,20-06-2013,17-07-2013,5
1550,28-02-2013,18-07-2013,13
1551,04-05-2013,19-07-2013,4
1552,08-05-2013,22-07-2013,18
1553,27-02-2013,23-07-2013,4
1554,11-06-2013,24-07-2013,3
1555,22-06-2013,25-07-2013,5
1556,12-07-2012,26-07-2013,2
1557,10-06-2013,29-07-2013,5
1558,16-04-2013,30-07-2013,5
1559,02-03-2011,31-07-2013,5
1560,18-04-2013,01-08-2013,8
1561,26-02-2013,02-08-2013,4
1562,23-02-2013,05-08-2013,4
1563,27-02-2013,06-08-2013,5
1564,28-02-2013,07-08-2013,5
1565,28-02-2013,08-08-2013,3
1566,01-03-2013,09-08-2013,5
1567,22-03-2013,12-08-2013,5
1568,01-05-2013,13-08-2013,5
1569,13-06-2013,14-08-2013,10
1570,25-06-2013,15-08-2013,4
1571,22-06-2013,16-08-2013,5
1572,27-02-2013,03-09-2013,2
1573,11-06-2013,04-09-2013,3
1574,22-06-2013,05-09-2013,5
1575,13-06-2013,06-09-2013,5
1576,08-07-2013,09-09-2013,12
1577,16-05-2013,10-09-2013,3
1578,08-07-2013,11-09-2013,8
1579,22-06-2013,12-09-2013,5
1580,12-06-2013,13-09-2013,2
1581,28-02-2013,16-09-2013,3
1582,12-06-2013,17-09-2013,19
1583,28-02-2013,18-09-2013,5
1584,13-06-2013,19-09-2013,18
1585,21-06-2013,20-09-2013,3
1586,11-06-2013,23-09-2013,13
1587,28-02-2013,24-09-2013,8
1588,25-06-2013,25-09-2013,5
1589,01-03-2013,26-09-2013,2
1590,05-05-2013,27-09-2013,5
1591,19-09-2013,30-09-2013,5
1592,17-04-2013,01-10-2013,2
1593,11-04-2013,02-10-2013,5
1594,12-06-2013,03-10-2013,12
1595,28-02-2013,04-10-2013,4
1596,14-06-2013,07-10-2013,4
1597,14-06-2013,07-10-2013,3
1598,20-09-2013,08-10-2013,5
1599,26-06-2013,09-10-2013,7
1600,17-04-2013,10-10-2013,4
1601,15-07-2013,11-10-2013,6
1602,20-09-2013,14-10-2013,4
1603,18-04-2013,15-10-2013,4
1604,28-09-2013,16-10-2013,5
1605,14-06-2013,17-10-2013,5
1606,11-06-2013,18-10-2013,5
1607,14-06-2013,21-10-2013,5
1608,13-06-2013,22-10-2013,4
1609,25-07-2013,23-10-2013,7
1610,03-05-2013,24-10-2013,9
1611,11-06-2013,25-10-2013,4
1612,26-06-2013,28-10-2013,8
1613,03-10-2013,29-10-2013,10
1614,14-06-2013,30-10-2013,5
1615,12-06-2013,31-10-2013,3
1616,28-02-2013,01-11-2013,4
1617,01-10-2013,05-11-2013,5
1618,20-09-2013,06-11-2013,4
1619,13-06-2013,07-11-2013,13
1620,28-10-2013,08-11-2013,7
1621,12-06-2013,09-11-2013,3
1622,13-06-2013,12-11-2013,8
1623,11-10-2013,13-11-2013,6
1624,20-09-2013,13-11-2013,6
1625,10-10-2013,15-11-2013,4
1626,11-06-2013,16-11-2013,3
1627,11-06-2013,19-11-2013,4
1628,12-06-2013,20-11-2013,21
1629,26-10-2013,21-11-2013,4
1630,11-06-2013,21-11-2013,4
1631,10-06-2013,23-11-2013,10
1632,14-03-2013,26-11-2013,3
1633,12-06-2013,26-11-2013,4
1634,25-06-2013,27-11-2013,3
1635,12-06-2013,02-12-2013,3
1636,25-06-2013,04-12-2013,4
1637,14-10-2013,05-12-2013,5
1638,25-02-2013,05-12-2013,7
1639,20-09-2013,07-12-2013,5
1640,05-12-2013,10-12-2013,3
1641,20-09-2013,11-12-2013,3
1642,16-11-2013,11-12-2013,2
1643,18-07-2013,13-12-2013,6
1644,18-10-2013,13-12-2013,3
1645,11-10-2013,16-12-2013,4
1646,30-10-2013,17-12-2013,3
1647,23-10-2013,19-12-2013,6
1648,05-12-2013,20-12-2013,2
1649,02-10-2013,21-12-2013,3
1650,05-12-2013,24-12-2013,4
1651,08-04-2013,03-01-2014,3
1652,04-12-2013,04-01-2014,4
1653,18-12-2012,07-01-2014,4
1654,06-11-2013,08-01-2014,6
1655,11-06-2013,09-01-2014,3
1656,19-06-2013,09-01-2014,7
1657,30-10-2013,11-01-2014,4
1658,10-10-2013,14-01-2014,2
1659,19-06-2013,15-01-2014,20
1660,05-12-2013,16-01-2014,6
1661,16-10-2013,17-01-2014,5
1662,15-10-2013,18-01-2014,7
1663,13-06-2013,22-01-2014,6
1664,05-12-2013,23-01-2014,4
1665,22-10-2013,23-01-2014,4
1666,18-11-2013,25-01-2014,3
1667,14-06-2013,27-01-2014,4
1668,30-10-2013,29-01-2014,2
1669,23-11-2013,30-01-2014,4
1670,03-10-2013,31-01-2014,3
1671,05-12-2013,01-02-2014,3
1672,05-12-2013,04-02-2014,3
1673,30-10-2013,05-02-2014,3
1674,12-06-2013,05-02-2014,4
1675,26-11-2013,07-02-2014,20
1676,06-08-2013,08-02-2014,4
1677,20-06-2013,11-02-2014,5
1678,28-02-2013,11-02-2014,3
1679,26-11-2013,13-02-2014,4
1680,05-12-2013,14-02-2014,15
1681,12-10-2012,14-02-2014,5
1682,27-06-2013,18-02-2014,15
1683,30-10-2013,20-02-2014,4
1684,28-02-2013,21-02-2014,3
1685,13-09-2013,21-02-2014,5
1686,15-07-2013,25-02-2014,15
1687,20-09-2013,26-02-2014,3
1688,06-11-2013,27-02-2014,3
1689,19-11-2013,28-02-2014,9
1690,07-06-2013,28-02-2014,3
1691,12-03-2013,04-03-2014,16
1692,11-11-2013,05-03-2014,2
1693,12-08-2013,06-03-2014,5
1694,19-08-2013,07-03-2014,3
1695,26-06-2012,07-03-2014,4
1696,27-02-2013,10-03-2014,4
1697,11-06-2013,12-03-2014,7
1698,17-07-2013,13-03-2014,3
1699,12-06-2013,14-03-2014,3
1700,19-02-2012,17-03-2014,5
1701,27-02-2013,18-03-2014,12
1702,18-03-2014,19-03-2014,4
1703,18-03-2014,19-03-2014,6
1704,18-03-2014,20-03-2014,4
1705,20-03-2014,21-03-2014,5
1706,20-03-2014,22-03-2014,5
1707,17-03-2014,24-03-2014,5
1708,18-03-2014,25-03-2014,4
1709,20-03-2014,26-03-2014,10
1710,12-03-2014,27-03-2014,3
1711,12-03-2014,28-03-2014,4
1712,19-03-2014,31-03-2014,9
1713,01-04-2014,01-04-2014,3
1714,18-03-2014,01-04-2014,6
1715,18-03-2014,02-04-2014,4
1716,01-10-2013,03-04-2014,5
1717,20-03-2014,04-04-2014,4
1718,20-03-2014,07-04-2014,2
1719,08-10-2013,08-04-2014,9
1720,19-03-2014,09-04-2014,6
1721,17-03-2014,10-04-2014,5
1722,21-03-2014,11-04-2014,2
1723,19-03-2014,14-04-2014,5
1724,21-03-2014,15-04-2014,3
1725,27-11-2013,16-04-2014,6
1726,19-03-2014,17-04-2014,6
1727,18-03-2014,18-04-2014,3
1728,20-03-2014,21-04-2014,3
1729,20-03-2014,22-04-2014,9
1730,14-10-2013,23-04-2014,5
1731,20-08-2013,24-04-2014,6
1732,19-03-2014,25-04-2014,4
1733,20-03-2014,28-04-2014,18
1734,20-03-2014,29-04-2014,6
1735,17-03-2014,30-04-2014,6
1736,12-03-2014,01-05-2014,17
1737,21-03-2014,02-05-2014,4
1738,20-03-2014,06-05-2014,5
1739,20-03-2014,06-05-2014,4
1740,20-03-2014,07-05-2014,5
1741,20-03-2014,08-05-2014,10
1742,17-03-2014,09-05-2014,3
1743,09-09-2013,12-05-2014,5
1744,20-03-2014,13-05-2014,11
1745,18-03-2014,14-05-2014,4
1746,17-09-2013,15-05-2014,4
1747,25-03-2014,16-05-2014,5
1748,14-03-2014,19-05-2014,4
1749,25-10-2013,20-05-2014,3
1750,12-03-2014,21-05-2014,6
1751,11-03-2014,22-05-2014,3
1752,16-01-2014,23-05-2014,3
1753,16-01-2014,23-05-2014,6
1754,19-03-2014,27-05-2014,2
1755,17-03-2014,28-05-2014,7
1756,18-03-2014,29-05-2014,7
1757,18-03-2014,30-05-2014,4
1758,20-03-2014,02-06-2014,7
1759,18-03-2014,03-06-2014,5
1760,20-06-2013,04-06-2014,3
1761,18-03-2014,05-06-2014,11
1762,13-03-2014,06-06-2014,6
1763,26-04-2014,09-06-2014,6
1764,18-03-2014,10-06-2014,5
1765,17-03-2014,11-06-2014,8
1766,13-06-2013,12-06-2014,7
1767,20-03-2014,13-06-2014,7
1768,15-05-2014,16-06-2014,5
1769,15-03-2014,17-06-2014,3
1770,15-05-2014,18-06-2014,3
1771,12-02-2014,19-06-2014,4
1772,20-03-2014,20-06-2014,5
1773,20-03-2014,23-06-2014,3
1774,31-03-2014,24-06-2014,7
1775,22-05-2014,25-06-2014,6
1776,10-05-2014,26-06-2014,4
1777,10-06-2013,27-06-2014,3
1778,10-10-2013,30-06-2014,7
1779,20-03-2014,01-07-2014,3
1780,23-06-2014,02-07-2014,5
1781,15-01-2014,03-07-2014,3
1782,04-06-2014,04-07-2014,8
1783,14-03-2014,07-07-2014,13
1784,19-03-2014,08-07-2014,7
1785,13-06-2013,09-07-2014,3
1786,24-03-2014,10-07-2014,5
1787,21-03-2014,11-07-2014,2
1788,18-03-2014,14-07-2014,4
1789,12-11-2013,15-07-2014,5
1790,17-03-2014,16-07-2014,3
1791,23-06-2014,17-07-2014,13
1792,20-03-2014,18-07-2014,6
1793,14-03-2014,04-08-2014,6
1794,19-03-2014,05-08-2014,4
1795,09-06-2014,06-08-2014,5
1796,19-03-2014,07-08-2014,13
1797,26-04-2014,08-08-2014,6
1798,12-02-2014,11-08-2014,6
1799,06-08-2014,12-08-2014,4
1800,15-03-2014,13-08-2014,6
1801,20-09-2013,14-08-2014,3
1802,08-07-2014,15-08-2014,3
1803,12-03-2014,18-08-2014,4
1804,17-03-2014,19-08-2014,7
1805,08-07-2014,20-08-2014,3
1806,16-07-2014,21-08-2014,9
1807,17-03-2014,22-08-2014,3
1808,13-03-2014,25-08-2014,3
1809,23-06-2014,26-08-2014,4
1810,27-06-2014,27-08-2014,8
1811,08-07-2014,28-08-2014,5
1812,09-07-2014,29-08-2014,3
1813,13-03-2014,02-09-2014,1
1814,20-03-2014,03-09-2014,2
1815,16-03-2014,04-09-2014,6
1816,26-10-2012,05-09-2014,9
1817,12-03-2014,09-09-2014,5
1818,09-07-2014,10-09-2014,3
1819,23-06-2014,11-09-2014,3
1820,20-03-2014,12-09-2014,4
1821,07-08-2014,15-09-2014,2
1822,19-03-2014,16-09-2014,5
1823,14-06-2014,17-09-2014,3
1824,13-03-2014,18-09-2014,2
1825,08-11-2010,19-09-2014,5
1826,17-09-2014,22-09-2014,5
1827,23-06-2014,23-09-2014,3
1828,14-03-2014,24-09-2014,7
1829,08-07-2014,25-09-2014,3
1830,19-03-2014,26-09-2014,3
1831,14-08-2013,29-09-2014,6
1832,16-11-2013,30-09-2014,7
1833,10-09-2014,01-10-2014,3
1834,14-03-2014,02-10-2014,3
1835,24-06-2014,03-10-2014,3
1836,23-06-2014,06-10-2014,3
1837,17-09-2014,08-10-2014,3
1838,07-10-2014,09-10-2014,4
1839,07-10-2014,09-10-2014,3
1840,02-10-2014,10-10-2014,6
1841,18-09-2014,13-10-2014,11
1842,10-09-2014,14-10-2014,5
1843,09-10-2014,15-10-2014,4
1844,08-10-2014,16-10-2014,5
1845,15-09-2014,17-10-2014,6
1846,25-09-2014,20-10-2014,1
1847,22-10-2014,21-10-2014,3
1848,08-07-2014,22-10-2014,3
1849,13-10-2014,23-10-2014,5
1850,12-09-2014,24-10-2014,4
1851,10-10-2014,27-10-2014,4
1852,24-07-2014,28-10-2014,5
1853,11-03-2014,29-10-2014,3
1854,10-09-2014,30-10-2014,3
1855,23-06-2014,31-10-2014,3
1856,07-10-2014,04-11-2014,4
1857,27-10-2014,05-11-2014,5
1858,15-09-2014,06-11-2014,4
1859,09-10-2014,06-11-2014,4
1860,08-10-2014,08-11-2014,3
1861,18-09-2014,11-11-2014,6
1862,08-10-2014,11-11-2014,4
1863,15-10-2014,13-11-2014,4
1864,18-09-2014,14-11-2014,4
1865,09-10-2014,15-11-2014,6
1866,17-10-2013,18-11-2014,4
1867,20-03-2014,19-11-2014,3
1868,02-10-2014,19-11-2014,5
1869,14-10-2014,21-11-2014,11
1870,09-09-2014,22-11-2014,5
1871,10-10-2014,24-11-2014,3
1872,01-11-2014,26-11-2014,6
1873,12-08-2014,27-11-2014,8
1874,14-10-2014,02-12-2014,5
1875,20-03-2014,02-12-2014,5
1876,20-10-2014,04-12-2014,4
1877,16-09-2014,05-12-2014,5
1878,21-10-2014,06-12-2014,3
1879,07-10-2014,09-12-2014,3
1880,14-10-2014,09-12-2014,3
1881,15-08-2014,11-12-2014,5
1882,14-10-2014,12-12-2014,4
1883,13-10-2014,13-12-2014,4
1884,15-11-2014,15-12-2014,5
1885,01-12-2014,16-12-2014,7
1886,11-11-2014,18-12-2014,7
1887,06-10-2014,19-12-2014,7
1888,06-10-2014,20-12-2014,5
1889,15-11-2014,23-12-2014,4
1890,13-11-2014,24-12-2014,8
1891,06-10-2014,05-01-2015,4
1892,10-11-2014,07-01-2015,5
1893,19-03-2014,07-01-2015,8
1894,15-11-2014,08-01-2015,5
1895,16-10-2014,10-01-2015,11
1896,09-10-2014,13-01-2015,3
1897,10-10-2014,13-01-2015,3
1898,13-10-2014,15-01-2015,6
1899,01-10-2014,17-01-2015,7
1900,17-10-2014,21-01-2015,2
1901,15-11-2014,22-01-2015,4
1902,21-10-2014,22-01-2015,3
1903,20-11-2014,23-01-2015,5
1904,15-10-2014,27-01-2015,3
1905,16-10-2014,28-01-2015,3
1906,11-10-2014,29-01-2015,5
1907,06-10-2014,31-01-2015,4
1908,13-10-2014,03-02-2015,7
1909,11-12-2014,04-02-2015,6
1910,05-11-2014,04-02-2015,5
1911,10-06-2013,06-02-2015,5
1912,04-11-2014,07-02-2015,4
1913,15-11-2014,09-02-2015,13
1914,16-10-2014,11-02-2015,5
1915,15-11-2014,13-02-2015,7
1916,04-04-2014,13-02-2015,6
1917,07-11-2014,17-02-2015,5
1918,10-09-2014,17-02-2015,4
1919,14-10-2014,19-02-2015,7
1920,06-10-2014,20-02-2015,16
1921,07-11-2014,20-02-2015,5
1922,20-02-2014,24-02-2015,3
1923,15-10-2014,24-02-2015,5
1924,20-11-2014,26-02-2015,6
1925,01-11-2014,26-02-2015,7
1926,20-03-2014,27-02-2015,3
1927,16-10-2014,03-03-2015,3
1928,24-09-2014,03-03-2015,4
1929,11-02-2014,05-03-2015,4
1930,08-10-2014,06-03-2015,7
1931,28-10-2014,06-03-2015,6
1932,06-10-2014,09-03-2015,5
1933,10-03-2014,10-03-2015,4
1934,01-11-2014,11-03-2015,8
1935,31-05-2013,12-03-2015,5
1936,12-09-2014,13-03-2015,4
1937,11-12-2014,16-03-2015,4
1938,19-11-2014,17-03-2015,4
1939,17-03-2015,19-03-2015,4
1940,16-03-2015,20-03-2015,4
1941,19-03-2015,21-03-2015,5
1942,17-03-2015,23-03-2015,4
1943,10-03-2015,24-03-2015,5
1944,17-03-2015,25-03-2015,5
1945,18-03-2015,26-03-2015,6
1946,18-03-2015,27-03-2015,6
1947,20-10-2014,30-03-2015,5
1948,17-03-2015,31-03-2015,5
1949,16-03-2015,01-04-2015,4
1950,20-10-2014,02-04-2015,5
1951,18-03-2015,03-04-2015,7
1952,07-10-2014,06-04-2015,4
1953,01-10-2014,07-04-2015,5
1954,17-03-2015,08-04-2015,4
1955,17-03-2015,09-04-2015,14
1956,26-04-2014,10-04-2015,3
1957,25-03-2015,13-04-2015,3
1958,28-09-2014,14-04-2015,7
1959,17-03-2015,16-04-2015,3
1960,17-03-2015,17-04-2015,7
1961,17-03-2015,20-04-2015,3
1962,17-03-2015,21-04-2015,9
1963,18-03-2015,22-04-2015,7
1964,10-03-2015,23-04-2015,5
1965,15-11-2014,24-04-2015,6
1966,18-03-2015,27-04-2015,5
1967,18-03-2015,28-04-2015,9
1968,20-03-2015,30-04-2015,11
1969,19-03-2015,01-05-2015,7
1970,18-03-2015,04-05-2015,4
1971,17-03-2015,05-05-2015,3
1972,18-03-2015,06-05-2015,6
1973,16-03-2015,07-05-2015,5
1974,18-03-2015,08-05-2015,3
1975,18-03-2015,11-05-2015,3
1976,18-03-2015,12-05-2015,3
1977,25-03-2015,14-05-2015,5
1978,21-11-2014,15-05-2015,3
1979,18-03-2015,18-05-2015,9
1980,10-03-2015,19-05-2015,5
1981,25-03-2015,20-05-2015,3
1982,19-03-2015,21-05-2015,4
1983,19-03-2015,22-05-2015,4
1984,19-03-2015,26-05-2015,7
1985,10-12-2014,27-05-2015,5
1986,18-03-2015,28-05-2015,12
1987,09-10-2014,29-05-2015,2
1988,19-03-2015,01-06-2015,3
1989,10-03-2015,02-06-2015,10
1990,25-03-2015,03-06-2015,3
1991,16-03-2015,04-06-2015,6
1992,29-05-2015,05-06-2015,4
1993,18-03-2015,08-06-2015,1
1994,19-03-2015,09-06-2015,5
1995,18-03-2015,11-06-2015,11
1996,28-05-2015,12-06-2015,6
1997,28-05-2015,15-06-2015,4
1998,28-05-2015,16-06-2015,5
1999,18-03-2015,17-06-2015,4
2000,23-03-2015,18-06-2015,8
2001,25-03-2015,19-06-2015,5
2002,28-05-2015,22-06-2015,4
2003,12-05-2015,23-06-2015,5
2004,25-03-2015,25-06-2015,5
2005,16-03-2015,26-06-2015,4
2006,20-03-2015,29-06-2015,3
2007,29-05-2015,30-06-2015,5
2008,24-03-2015,01-07-2015,12
2009,29-05-2015,02-07-2015,3
2010,17-03-2015,06-07-2015,4
2011,29-05-2015,07-07-2015,4
2012,16-06-2015,09-07-2015,5
2013,27-09-2014,10-07-2015,4
2014,19-03-2015,14-07-2015,5
2015,27-05-2015,14-07-2015,6
2016,18-03-2015,15-07-2015,4
2017,09-06-2013,16-07-2015,10
2018,28-05-2015,17-07-2015,8
2019,16-06-2015,20-07-2015,5
2020,29-05-2015,21-07-2015,4
2021,19-11-2012,22-07-2015,4
2022,16-03-2015,23-07-2015,7
2023,12-06-2015,24-07-2015,5
2024,17-03-2015,10-08-2015,6
2025,28-05-2015,11-08-2015,3
2026,17-03-2015,13-08-2015,3
2027,18-03-2015,14-08-2015,10
2028,12-06-2015,17-08-2015,9
2029,13-03-2015,18-08-2015,4
2030,16-06-2015,19-08-2015,13
2031,17-03-2015,20-08-2015,5
2032,10-10-2014,21-08-2015,3
2033,16-06-2015,24-08-2015,5
2034,18-03-2015,25-08-2015,8
2035,28-05-2015,27-08-2015,5
2036,01-07-2015,28-08-2015,3
2037,09-10-2014,31-08-2015,16
2038,28-05-2015,01-09-2015,7
2039,16-06-2015,02-09-2015,7
2040,17-03-2015,03-09-2015,5
2041,17-03-2015,04-09-2015,12
2042,19-03-2014,08-09-2015,7
2043,20-03-2015,10-09-2015,6
2044,28-05-2015,11-09-2015,8
2045,16-03-2015,14-09-2015,11
2046,29-05-2015,15-09-2015,5
2047,29-05-2015,16-09-2015,5
2048,20-08-2015,17-09-2015,4
2049,10-10-2012,18-09-2015,6
2050,28-05-2015,21-09-2015,5
2051,16-06-2015,22-09-2015,4
2052,28-05-2015,23-09-2015,5
2053,29-05-2015,25-09-2015,5
2054,30-06-2015,29-09-2015,6
2055,07-10-2014,29-09-2015,5
2056,21-03-2015,01-10-2015,5
2057,29-08-2015,01-10-2015,7
2058,18-04-2015,02-10-2015,7
2059,16-06-2015,05-10-2015,13
2060,18-03-2015,06-10-2015,19
2061,19-03-2015,07-10-2015,10
2062,30-06-2015,08-10-2015,10
2063,19-03-2015,09-10-2015,5
2064,29-09-2015,12-10-2015,8
2065,12-04-2015,13-10-2015,19
2066,20-09-2014,14-10-2015,8
2067,29-09-2015,15-10-2015,8
2068,28-08-2015,16-10-2015,8
2069,28-08-2015,19-10-2015,7
2070,29-09-2015,20-10-2015,18
2071,20-05-2015,22-10-2015,7
2072,29-09-2015,23-10-2015,12
2073,29-09-2015,27-10-2015,3
2074,26-08-2015,27-10-2015,11
2075,28-08-2015,28-10-2015,7
2076,29-09-2015,29-10-2015,12
2077,29-09-2015,30-10-2015,7
2078,27-05-2015,03-11-2015,9
2079,23-05-2015,04-11-2015,13
2080,26-08-2015,05-11-2015,6
2081,29-09-2015,06-11-2015,9
2082,27-05-2015,06-11-2015,7
2083,27-05-2015,10-11-2015,9
2084,29-01-2015,11-11-2015,11
2085,26-08-2015,13-11-2015,12
2086,28-03-2015,13-11-2015,11
2087,15-10-2015,17-11-2015,8
2088,27-05-2015,18-11-2015,9
2089,10-10-2015,18-11-2015,14
2090,10-10-2015,19-11-2015,21
2091,26-08-2015,21-11-2015,14
2092,29-09-2015,24-11-2015,6
2093,02-09-2015,25-11-2015,12
2094,16-03-2015,01-12-2015,10
2095,10-10-2015,02-12-2015,13
2096,17-10-2015,03-12-2015,16
2097,15-10-2015,04-12-2015,12
2098,16-03-2013,05-12-2015,10
2099,26-08-2015,08-12-2015,14
2100,14-11-2015,09-12-2015,10
2101,14-11-2015,11-12-2015,13
2102,14-11-2015,12-12-2015,7
2103,10-10-2015,15-12-2015,9
2104,16-03-2015,16-12-2015,11
2105,20-11-2014,17-12-2015,8
2106,27-05-2015,18-12-2015,13
2107,08-12-2015,19-12-2015,11
2108,16-06-2015,22-12-2015,16
2109,10-10-2015,23-12-2015,12
2110,14-11-2015,24-12-2015,12
2111,08-12-2015,05-01-2016,12
2112,18-06-2015,06-01-2016,8
2113,16-03-2015,07-01-2016,17
2114,17-09-2015,08-01-2016,16
2115,08-12-2015,09-01-2016,5
2116,29-09-2015,12-01-2016,10
2117,25-09-2015,13-01-2016,11
2118,08-12-2015,13-01-2016,19
2119,29-09-2015,15-01-2016,15
2120,14-11-2015,16-01-2016,15
2121,08-12-2015,20-01-2016,21
2122,20-05-2015,21-01-2016,13
2123,27-05-2015,21-01-2016,16
2124,08-12-2015,23-01-2016,11
2125,08-12-2015,26-01-2016,15
2126,10-10-2015,27-01-2016,16
2127,15-11-2014,27-01-2016,20
2128,08-12-2015,29-01-2016,14
2129,29-09-2015,30-01-2016,13
2130,09-10-2015,02-02-2016,16
2131,06-10-2014,02-02-2016,13
2132,18-11-2015,04-02-2016,19
2133,27-05-2015,05-02-2016,16
2134,14-11-2015,05-02-2016,14
2135,08-12-2015,09-02-2016,14
2136,09-10-2015,10-02-2016,14
2137,31-10-2015,10-02-2016,13
2138,10-10-2015,11-02-2016,13
2139,18-11-2015,13-02-2016,16
2140,08-12-2015,16-02-2016,8
2141,01-05-2015,17-02-2016,5
2142,15-02-2016,18-02-2016,13
2143,15-02-2016,19-02-2016,10
2144,15-02-2016,20-02-2016,9
2145,17-02-2016,23-02-2016,5
2146,15-02-2016,24-02-2016,4
2147,03-11-2015,25-02-2016,4
2148,18-11-2015,26-02-2016,18
2149,14-11-2015,26-02-2016,10
2150,10-10-2015,29-02-2016,19
2151,14-11-2015,02-03-2016,8
2152,18-11-2015,03-03-2016,16
2153,15-02-2016,04-03-2016,16
2154,15-02-2016,04-03-2016,25
2155,17-02-2016,07-03-2016,15
2156,08-12-2015,09-03-2016,29
2157,01-12-2014,10-03-2016,19
2158,27-02-2015,10-03-2016,14
2159,19-02-2016,11-03-2016,23
2160,19-02-2016,12-03-2016,10
2161,16-02-2016,14-03-2016,17
2162,16-02-2016,16-03-2016,15
2163,15-02-2016,16-03-2016,13
2164,15-02-2016,17-03-2016,17
2165,17-02-2016,18-03-2016,19
2166,18-02-2016,21-03-2016,13
2167,14-11-2015,22-03-2016,8
2168,05-11-2015,23-03-2016,12
2169,18-02-2016,24-03-2016,11
2170,18-02-2016,25-03-2016,17
2171,18-02-2016,28-03-2016,16
2172,17-02-2016,29-03-2016,16
2173,14-11-2015,30-03-2016,16
2174,30-06-2015,31-03-2016,10
2175,16-02-2016,01-04-2016,14
2176,16-02-2016,04-04-2016,11
2177,17-02-2016,05-04-2016,32
2178,05-11-2015,06-04-2016,13
2179,16-02-2016,07-04-2016,10
2180,05-04-2016,08-04-2016,14
2181,17-02-2016,09-04-2016,11
2182,17-02-2016,11-04-2016,16
2183,16-03-2015,12-04-2016,23
2184,05-11-2015,13-04-2016,15
2185,15-02-2016,14-04-2016,15
2186,17-02-2016,15-04-2016,7
2187,17-02-2016,18-04-2016,27
2188,24-03-2016,19-04-2016,5
2189,19-03-2015,19-04-2016,10
2190,06-11-2015,20-04-2016,17
2191,29-05-2015,21-04-2016,10
2192,16-02-2016,22-04-2016,15
2193,15-02-2016,25-04-2016,14
2194,15-02-2016,26-04-2016,17
2195,18-02-2016,27-04-2016,11
2196,03-11-2015,28-04-2016,13
2197,15-02-2016,29-04-2016,18
2198,18-11-2015,02-05-2016,11
2199,18-02-2016,03-05-2016,9
2200,15-02-2016,04-05-2016,13
2201,18-02-2016,05-05-2016,17
2202,09-10-2015,06-05-2016,15
2203,17-02-2016,09-05-2016,21
2204,18-02-2016,10-05-2016,9
2205,15-02-2016,11-05-2016,17
2206,06-11-2015,12-05-2016,15
2207,18-02-2016,13-05-2016,9
2208,15-02-2016,17-05-2016,17
2209,04-11-2015,18-05-2016,14
2210,30-01-2016,19-05-2016,17
2211,15-02-2016,20-05-2016,6
2212,18-02-2016,23-05-2016,10
2213,18-02-2016,24-05-2016,14
2214,06-11-2015,25-05-2016,13
2215,16-02-2016,26-05-2016,12
2216,03-11-2015,27-05-2016,10
2217,19-02-2016,31-05-2016,16
2218,04-11-2015,01-06-2016,16
2219,16-02-2016,02-06-2016,13
2220,19-02-2016,03-06-2016,9
2221,16-02-2016,06-06-2016,9
2222,17-02-2016,07-06-2016,22
2223,17-02-2016,08-06-2016,7
2224,28-02-2016,09-06-2016,9
2225,15-02-2016,10-06-2016,11
2226,17-02-2016,13-06-2016,12
2227,04-11-2015,14-06-2016,14
2228,15-02-2016,15-06-2016,15
2229,18-02-2016,17-06-2016,13
2230,01-12-2014,17-06-2016,13
2231,24-05-2016,20-06-2016,13
2232,15-02-2016,21-06-2016,12
2233,18-05-2016,22-06-2016,9
2234,16-02-2016,23-06-2016,9
2235,17-02-2016,24-06-2016,10
2236,16-02-2016,27-06-2016,13
2237,18-05-2016,28-06-2016,14
2238,28-02-2016,29-06-2016,10
2239,15-02-2016,30-06-2016,21
2240,15-02-2016,01-07-2016,16
2241,26-06-2016,05-07-2016,21
2242,29-06-2016,06-07-2016,22
2243,15-02-2016,07-07-2016,16
2244,25-09-2015,08-07-2016,9
2245,18-05-2016,11-07-2016,6
2246,05-11-2015,12-07-2016,4
2247,26-06-2016,13-07-2016,18
2248,18-05-2016,14-07-2016,21
2249,16-02-2016,15-07-2016,15
2250,18-05-2016,18-07-2016,17
2251,26-06-2016,19-07-2016,10
2252,26-06-2016,20-07-2016,12
2253,26-06-2016,21-07-2016,16
2254,29-06-2016,22-07-2016,17
2255,15-02-2016,08-08-2016,12
2256,18-05-2016,09-08-2016,10
2257,23-04-2016,10-08-2016,20
2258,27-06-2016,11-08-2016,19
2259,19-09-2015,12-08-2016,14
2260,29-06-2016,15-08-2016,21
2261,06-11-2015,16-08-2016,18
2262,27-06-2016,17-08-2016,19
2263,29-06-2016,18-08-2016,13
2264,24-09-2015,19-08-2016,9
2265,20-05-2016,22-08-2016,10
2266,08-09-2013,23-08-2016,15
2267,27-06-2016,24-08-2016,9
2268,28-06-2016,25-08-2016,15
2269,18-11-2015,26-08-2016,13
2270,29-06-2016,29-08-2016,8
2271,17-10-2015,30-08-2016,15
2272,16-02-2016,31-08-2016,8
2273,29-06-2016,01-09-2016,12
2274,29-06-2016,02-09-2016,5
2275,02-11-2015,06-09-2016,8
2276,19-02-2016,07-09-2016,22
2277,24-04-2016,08-09-2016,15
2278,16-02-2016,09-09-2016,6
2279,18-05-2016,12-09-2016,18
2280,01-11-2015,13-09-2016,13
2281,28-06-2016,14-09-2016,21
2282,17-02-2016,15-09-2016,16
2283,26-06-2016,16-09-2016,11
2284,07-09-2016,19-09-2016,13
2285,23-01-2016,20-09-2016,10
2286,02-11-2015,21-09-2016,14
2287,18-05-2016,22-09-2016,15
2288,29-06-2016,23-09-2016,16
2289,07-09-2016,26-09-2016,13
2290,01-06-2016,27-09-2016,19
2291,18-05-2016,28-09-2016,20
2292,26-06-2016,29-09-2016,17
2293,27-06-2016,30-09-2016,11
2294,27-06-2016,03-10-2016,18
2295,07-09-2016,04-10-2016,11
2296,24-04-2016,05-10-2016,13
2297,26-06-2016,06-10-2016,9
2298,02-05-2016,07-10-2016,14
2299,16-02-2016,08-10-2016,7
2300,30-06-2016,10-10-2016,9
2301,30-06-2016,11-10-2016,9
2302,18-11-2015,12-10-2016,13
2303,18-05-2016,13-10-2016,9
2304,07-11-2015,14-10-2016,13
2305,29-06-2016,17-10-2016,14
2306,18-11-2015,18-10-2016,13
2307,29-06-2016,19-10-2016,17
2308,15-04-2016,20-10-2016,13
2309,07-09-2016,21-10-2016,7
2310,15-09-2016,24-10-2016,13
2311,10-09-2016,25-10-2016,25
2312,13-11-2015,26-10-2016,9
2313,06-02-2016,27-10-2016,15
2314,16-02-2016,28-10-2016,6
2315,24-05-2016,29-10-2016,15
2316,29-06-2016,31-10-2016,13
2317,14-11-2015,01-11-2016,12
2318,15-09-2016,02-11-2016,9
2319,28-06-2016,03-11-2016,9
2320,19-02-2016,04-11-2016,7
2321,28-10-2016,04-11-2016,11
2322,28-10-2016,08-11-2016,10
2323,02-11-2016,08-11-2016,23
2324,12-07-2016,11-11-2016,13
2325,04-11-2015,11-11-2016,7
2326,27-10-2016,15-11-2016,11
2327,29-06-2016,16-11-2016,16
2328,21-10-2016,16-11-2016,14
2329,02-11-2015,18-11-2016,11
2330,29-01-2015,19-11-2016,11
2331,27-10-2016,22-11-2016,13
2332,26-06-2016,23-11-2016,23
2333,10-09-2016,24-11-2016,14
2334,28-06-2016,28-11-2016,12
2335,27-10-2016,29-11-2016,18
2336,15-04-2016,01-12-2016,8
2337,05-10-2016,01-12-2016,7
2338,15-09-2016,03-12-2016,4
2339,27-10-2016,06-12-2016,22
2340,22-10-2015,07-12-2016,8
2341,02-05-2015,08-12-2016,15
2342,27-10-2016,09-12-2016,11
2343,18-06-2016,10-12-2016,11
2344,19-09-2015,13-12-2016,13
2345,29-06-2016,14-12-2016,20
2346,10-09-2016,14-12-2016,18
2347,02-11-2015,15-12-2016,12
2348,27-10-2016,17-12-2016,7
2349,29-09-2016,20-12-2016,17
2350,28-10-2016,20-12-2016,17
2351,14-11-2015,21-12-2016,13
2352,28-10-2016,22-12-2016,13
2353,04-09-2016,23-12-2016,16
2354,15-11-2016,03-01-2017,13
2355,28-10-2016,05-01-2017,14
2356,02-11-2015,06-01-2017,11
2357,08-10-2016,07-01-2017,14
2358,15-11-2015,10-01-2017,14
2359,15-11-2016,11-01-2017,11
2360,19-11-2016,11-01-2017,18
2361,19-08-2016,13-01-2017,24
2362,27-10-2016,14-01-2017,18
2363,27-06-2016,18-01-2017,15
2364,27-10-2016,18-01-2017,17
2365,24-05-2016,19-01-2017,16
2366,17-09-2016,21-01-2017,15
2367,31-10-2015,24-01-2017,24
2368,26-10-2016,25-01-2017,17
2369,15-11-2016,26-01-2017,4
2370,15-04-2016,27-01-2017,14
2371,26-10-2016,28-01-2017,20
2372,15-02-2016,30-01-2017,23
2373,15-04-2016,31-01-2017,12
2374,05-11-2016,02-02-2017,11
2375,30-11-2016,03-02-2017,16
2376,19-11-2016,04-02-2017,20
2377,09-04-2016,06-02-2017,16
2378,26-10-2016,07-02-2017,11
2379,15-11-2016,08-02-2017,14
2380,25-10-2013,09-02-2017,15
2381,14-02-2016,10-02-2017,18
2382,26-10-2016,14-02-2017,18
2383,16-03-2015,14-02-2017,4
2384,25-06-2016,15-02-2017,4
2385,26-01-2017,16-02-2017,19
2386,24-04-2016,17-02-2017,9
2387,15-11-2016,18-02-2017,25
2388,15-02-2017,20-02-2017,22
2389,26-10-2016,22-02-2017,11
2390,05-03-2016,23-02-2017,21
2391,15-11-2016,23-02-2017,14
2392,26-10-2016,24-02-2017,11
2393,19-11-2016,27-02-2017,13
2394,13-12-2016,01-03-2017,13
2395,26-01-2017,02-03-2017,11
2396,26-10-2016,02-03-2017,14
2397,01-11-2015,03-03-2017,5
2398,22-10-2016,04-03-2017,9
2399,15-02-2017,07-03-2017,18
2400,26-10-2016,07-03-2017,15
2401,26-10-2016,08-03-2017,15
2402,19-11-2016,10-03-2017,14
2403,06-02-2016,11-03-2017,12
2404,30-11-2016,13-03-2017,16
2405,15-02-2016,14-03-2017,17
2406,26-10-2016,15-03-2017,14
2407,24-09-2015,16-03-2017,11
2408,15-02-2016,17-03-2017,4
2409,21-10-2016,17-03-2017,10
2410,23-01-2016,20-03-2017,11
2411,26-10-2016,21-03-2017,9
2412,14-11-2015,22-03-2017,13
2413,29-11-2016,23-03-2017,17
2414,15-02-2017,24-03-2017,11
2415,03-12-2016,27-03-2017,13
2416,26-10-2016,28-03-2017,21
2417,21-10-2016,29-03-2017,16
2418,03-07-2016,30-03-2017,16
2419,15-02-2016,31-03-2017,4
2420,30-11-2016,31-03-2017,16
2421,28-05-2015,03-04-2017,14
2422,01-03-2017,04-04-2017,21
2423,19-11-2016,04-04-2017,14
2424,22-10-2016,05-04-2017,13
2425,30-11-2016,06-04-2017,11
2426,08-03-2017,07-04-2017,12
2427,21-10-2016,10-04-2017,13
2428,12-02-2017,11-04-2017,20
2429,26-01-2017,12-04-2017,6
2430,13-12-2016,13-04-2017,12
2431,01-12-2012,14-04-2017,15
2432,08-03-2017,17-04-2017,14
2433,14-10-2016,18-04-2017,5
2434,15-02-2017,19-04-2017,12
2435,30-11-2016,20-04-2017,14
2436,22-01-2016,21-04-2017,14
2437,11-02-2017,24-04-2017,11
2438,10-11-2016,25-04-2017,13
2439,25-04-2017,26-04-2017,21
2440,24-04-2017,28-04-2017,16
2441,24-04-2017,29-04-2017,12
2442,24-04-2017,01-05-2017,26
2443,07-04-2017,02-05-2017,10
2444,24-04-2017,03-05-2017,16
2445,11-02-2017,04-05-2017,16
2446,24-04-2017,05-05-2017,8
2447,30-11-2016,08-05-2017,14
2448,24-04-2017,09-05-2017,14
2449,24-04-2017,10-05-2017,16
2450,05-11-2016,12-05-2017,17
2451,24-04-2017,13-05-2017,16
2452,24-04-2017,15-05-2017,17
2453,30-11-2016,16-05-2017,17
2454,24-04-2017,17-05-2017,12
2455,05-11-2016,18-05-2017,12
2456,24-04-2017,19-05-2017,11
2457,24-04-2017,22-05-2017,9
2458,08-02-2017,23-05-2017,10
2459,24-04-2017,24-05-2017,17
2460,21-10-2016,25-05-2017,18
2461,24-04-2017,26-05-2017,6
2462,06-02-2016,29-05-2017,14
2463,24-04-2017,30-05-2017,11
2464,13-12-2016,31-05-2017,9
2465,24-04-2017,01-06-2017,15
2466,15-02-2016,02-06-2017,3
2467,08-03-2017,02-06-2017,4
2468,24-04-2017,05-06-2017,12
2469,08-03-2017,06-06-2017,10
2470,22-10-2016,07-06-2017,10
2471,24-04-2017,08-06-2017,8
2472,24-04-2017,09-06-2017,17
2473,24-04-2017,12-06-2017,9
2474,24-04-2017,13-06-2017,13
2475,05-03-2016,14-06-2017,12
2476,30-11-2016,15-06-2017,16
2477,08-03-2017,16-06-2017,5
2478,24-04-2017,16-06-2017,28
2479,24-04-2017,19-06-2017,20
2480,24-04-2017,20-06-2017,17
2481,08-03-2017,21-06-2017,5
2482,19-11-2016,22-06-2017,9
2483,24-04-2017,23-06-2017,7
2484,24-04-2017,10-07-2017,7
2485,24-04-2017,11-07-2017,10
2486,24-04-2017,12-07-2017,8
2487,02-03-2014,13-07-2017,8
2488,24-04-2017,14-07-2017,7
2489,24-04-2017,17-07-2017,8
2490,24-04-2017,18-07-2017,6
2491,29-09-2016,19-07-2017,6
2492,24-04-2017,20-07-2017,4
2493,13-12-2016,21-07-2017,6
2494,24-04-2017,24-07-2017,6
2495,24-04-2017,25-07-2017,11
2496,24-04-2017,26-07-2017,5
2497,30-11-2016,27-07-2017,13
2498,24-04-2017,28-07-2017,12
2499,24-04-2017,31-07-2017,4
2500,24-04-2017,01-08-2017,6
2501,24-04-2017,02-08-2017,8
2502,08-03-2017,03-08-2017,6
2503,24-04-2017,04-08-2017,5
2504,24-04-2017,07-08-2017,7
2505,30-11-2016,08-08-2017,11
2506,24-04-2017,09-08-2017,7
2507,08-07-2017,10-08-2017,8
2508,24-04-2017,11-08-2017,5
2509,24-04-2017,11-08-2017,12
2510,24-04-2017,14-08-2017,10
2511,24-04-2017,15-08-2017,7
2512,21-10-2016,16-08-2017,7
2513,24-04-2017,16-08-2017,6
2514,24-04-2017,17-08-2017,9
2515,09-02-2017,18-08-2017,7
2516,24-04-2017,18-08-2017,8
2517,24-04-2017,21-08-2017,6
2518,24-04-2017,22-08-2017,6
2519,29-09-2016,23-08-2017,6
2520,24-04-2017,23-08-2017,7
2521,24-04-2017,24-08-2017,12
2522,24-04-2016,25-08-2017,10
2523,24-04-2017,25-08-2017,5
2524,08-10-2016,28-08-2017,10
2525,24-04-2017,29-08-2017,5
2526,24-05-2016,30-08-2017,6
2527,24-04-2017,30-08-2017,6
2528,23-04-2017,31-08-2017,12
2529,08-06-2016,01-09-2017,11
2530,24-04-2015,01-09-2017,10
2531,24-04-2017,05-09-2017,13
2532,18-06-2016,06-09-2017,5
2533,24-04-2017,06-09-2017,11
2534,24-04-2017,07-09-2017,13
2535,07-04-2017,08-09-2017,5
2536,27-08-2017,08-09-2017,6
2537,08-07-2017,11-09-2017,5
2538,24-04-2017,12-09-2017,6
2539,11-11-2016,13-09-2017,7
2540,27-08-2017,13-09-2017,5
2541,20-07-2017,14-09-2017,10
2542,19-02-2017,15-09-2017,4
2543,27-08-2017,15-09-2017,10
2544,24-04-2017,18-09-2017,13
2545,27-08-2017,19-09-2017,10
2546,06-06-2017,20-09-2017,8
2547,24-04-2017,20-09-2017,9
2548,24-04-2017,21-09-2017,9
2549,08-07-2017,22-09-2017,7
2550,24-04-2017,22-09-2017,9
