views,Courageous,Informative,Jaw-dropping,OK,Obnoxious,Unconvincing,Confusing,talk_id
47227110,3253,7346,4439,1174,209,300,242,1
3200520,58,443,268,116,131,132,113,2
1636292,60,395,146,230,54,166,78,3
1697550,59,53,460,230,35,1070,36,4
12005869,318,67,3736,2542,248,2893,72,5
20685401,301,285,2423,441,669,5211,397,6
3769987,225,226,311,308,290,316,72,7
967741,34,121,63,57,9,25,175,8
2567958,60,145,764,60,154,441,211,9
3095993,116,304,1543,371,245,459,111,10
1211416,187,51,160,66,7,21,148,11
387877,20,33,42,20,26,41,201,12
693341,16,57,5,5,2,111,83,13
4531020,55,32,4643,77,23,471,19,14
358304,32,67,30,49,29,31,216,15
2702470,29,635,95,41,39,10,879,16
1628912,22,454,32,22,24,1997,552,17
1415724,279,13,30,63,4,19,159,18
1074081,80,113,93,210,68,363,119,19
1106561,170,277,68,11,54,19,478,20
966439,12,258,26,120,69,8,320,21
6141440,74,266,80,239,450,61,203,22
518624,33,67,87,23,41,34,119,23
9260764,345,1083,1513,394,207,245,2591,24
1131864,31,342,97,97,26,789,44,25
1096862,42,397,1234,73,139,45,446,26
2885999,417,653,41,367,93,1281,91,27
2863214,35,532,61,109,7,404,12,28
7023562,190,115,1014,290,361,1276,87,29
14689301,444,248,2355,1047,439,3554,169,30
10000702,400,2427,2478,521,421,324,2532,31
1030267,277,377,93,152,75,30,84,32
3277740,215,65,1359,145,337,518,297,33
503517,164,55,6,18,3,66,61,34
705389,30,62,21,5,5,92,260,35
580891,71,53,3,4,1,11,25,36
809226,31,218,35,112,9,44,21,37
2028451,86,336,115,63,198,247,23,38
745231,18,124,7,7,10,20,288,39
718649,104,80,22,39,24,51,30,40
975107,158,149,27,64,10,20,11,41
382996,18,74,27,18,20,23,48,42
1053758,98,87,75,15,11,364,844,43
5364639,136,373,1958,133,237,109,1344,44
2434344,91,806,309,237,141,18,150,45
1536873,11,136,1084,111,49,311,147,46
904215,23,25,33,8,36,27,222,47
10841210,1912,777,1433,251,685,457,43,48
1813665,408,195,135,73,94,186,21,49
2299265,28,31,133,14,62,31,151,50
673036,45,97,32,47,62,21,130,51
1391142,79,16,1668,111,67,280,537,52
2532851,24,54,380,426,75,928,55,53
882034,61,88,24,7,14,33,157,54
2121177,63,607,175,188,21,737,109,55
1090180,140,30,288,129,23,343,55,56
684519,26,9,10,5,2,20,66,57
1409327,355,37,36,11,10,249,200,58
3051507,18,58,2011,34,81,846,22,59
978825,67,208,146,39,36,7,149,60
442553,31,22,23,4,6,12,84,61
691814,26,172,105,42,9,21,188,62
2441805,411,93,53,21,30,35,242,63
849859,45,368,32,11,7,160,208,64
1335732,44,17,79,46,178,403,71,65
1262674,27,198,171,24,13,24,574,66
1663001,70,387,285,107,27,432,28,67
5570544,91,997,811,158,100,571,23,68
1520908,54,360,66,54,47,298,230,69
2138907,319,367,35,93,32,62,173,70
680134,20,116,34,63,17,34,89,71
690928,23,176,133,21,181,19,319,72
1762302,180,542,123,14,23,52,100,73
1392010,313,158,72,174,14,12,30,74
660909,60,59,15,18,7,11,91,75
867495,81,23,45,64,28,162,36,76
395769,17,22,11,7,13,5,2,77
761930,31,276,9,56,19,98,199,78
1149090,27,362,162,20,44,16,46,79
762264,273,108,108,47,66,15,151,80
1920434,387,704,234,38,27,11,874,81
560904,12,163,10,3,3,74,73,82
606311,80,21,89,57,16,65,13,83
2197377,119,556,15,106,37,1936,604,84
1697185,71,611,882,145,62,25,262,85
1115081,5,724,16,8,21,234,85,86
591379,11,70,16,10,8,5,25,87
398713,45,17,5,1,2,58,32,88
2676717,189,204,289,89,45,27,680,89
4165572,312,483,1587,218,114,49,107,90
1426390,34,257,907,207,39,286,49,91
754700,66,18,68,66,16,166,24,92
643078,124,5,11,17,8,133,117,93
513672,61,24,7,2,2,47,5,94
428351,20,12,23,15,1,24,169,95
616385,223,319,66,66,98,11,75,96
4374792,86,192,2475,551,406,2935,663,97
609087,56,17,116,39,71,18,37,98
443180,27,40,12,1,4,55,26,99
904520,334,11,51,85,12,8,100,100
717002,102,54,6,12,12,10,67,101
1451846,94,302,163,17,39,97,77,102
577502,26,33,101,23,29,36,38,103
1683456,191,29,1678,193,124,801,113,104
779873,25,144,10,11,7,84,113,105
940913,24,53,115,49,44,25,189,106
1371482,39,553,268,151,28,750,37,107
870412,15,347,28,31,14,22,144,108
4772595,70,40,14728,95,119,857,41,109
805111,4,19,207,49,39,378,19,110
1044185,21,363,42,2,2,176,347,111
1479503,10,45,167,94,48,125,13,112
1493606,47,71,171,90,39,947,50,113
404402,29,3,19,4,9,11,12,114
1136037,194,149,535,160,87,319,44,115
384641,24,54,57,8,8,19,14,116
308879,44,16,4,43,14,54,17,117
3243784,284,1544,5137,828,21,1265,27,118
1801117,237,32,1507,205,48,683,32,119
1596067,67,854,222,143,62,146,107,120
1427723,30,400,235,463,47,23,469,121
1049727,50,416,1157,135,48,95,232,122
854967,50,38,83,144,40,386,86,123
1107307,91,459,1285,90,95,37,218,124
3387765,169,431,103,76,238,78,82,125
1788182,252,52,1772,14,111,912,23,126
558993,38,44,74,8,52,27,42,127
648234,15,80,165,29,53,17,286,128
524049,14,32,38,22,16,39,32,129
1543596,36,216,51,136,23,14,1047,130
335086,33,11,5,6,1,34,16,131
1216429,146,45,65,50,5,3,29,132
561703,140,102,42,13,16,39,24,133
836269,167,7,32,44,6,19,47,134
531957,42,10,18,32,12,17,13,135
416603,4,17,13,10,2,7,71,136
727247,137,42,64,19,25,40,31,137
1575699,688,25,2080,87,65,24,265,138
1013063,195,557,104,206,41,83,243,139
722877,52,115,67,38,8,9,25,140
3982352,67,74,2186,100,30,77,109,141
1914263,175,148,193,150,29,46,100,142
2063367,731,116,1739,161,94,39,147,143
507997,25,198,69,51,23,60,65,144
913666,25,31,23,64,46,33,167,145
1215947,403,185,50,155,45,190,27,146
1712075,356,70,97,19,69,14,20,147
736290,148,18,13,31,34,12,165,148
2627709,73,47,78,108,25,15,61,149
1720579,562,41,1153,533,110,67,125,150
1609555,252,55,72,44,55,7,57,151
1212346,33,42,106,60,20,25,297,152
672254,263,28,15,7,28,118,144,153
694378,128,166,154,21,49,16,190,154
3930186,1458,25,1775,423,15,31,969,155
562457,27,29,31,73,3,8,137,156
1522858,453,95,121,44,128,39,308,157
7271730,1621,863,618,139,268,194,1170,158
1895259,589,35,2163,41,89,76,254,159
410563,65,64,98,40,9,23,34,160
876658,300,57,1352,61,77,43,129,161
898974,81,79,1008,63,69,30,186,162
418234,104,94,28,44,9,28,19,163
707524,228,4,116,26,21,7,51,164
1527858,38,317,954,102,51,45,365,165
1783740,334,175,129,68,88,165,201,166
1181696,57,120,50,115,114,53,509,167
832668,254,45,375,46,17,40,10,168
8360707,817,168,7196,314,128,114,2152,169
1604402,246,67,255,140,30,38,111,170
533761,330,25,75,12,5,13,82,171
4364865,598,238,1414,378,82,61,371,172
3741423,82,292,426,63,899,58,28,173
933311,74,40,143,94,39,34,120,174
928270,16,61,74,114,10,19,65,175
3519656,150,84,185,252,80,92,406,176
13926113,3875,236,216,80,126,95,1647,177
585052,27,12,82,29,9,20,111,178
959382,127,14,45,36,49,30,8,179
403089,71,30,0,0,0,3,3,180
611092,11,158,22,19,42,122,108,181
1854024,236,92,167,42,30,97,221,182
594523,166,46,35,23,24,91,18,183
670863,27,59,13,26,15,49,52,184
324266,44,45,11,18,20,23,105,185
434005,76,42,136,114,7,57,123,186
596961,123,17,82,9,39,53,167,187
700273,210,44,46,16,13,71,120,188
1359400,537,52,46,133,50,67,570,189
931001,32,308,30,30,45,33,46,190
1687185,58,267,20,11,9,77,177,191
785872,196,21,24,50,7,63,8,192
545664,187,12,73,33,29,20,33,193
487972,49,31,24,17,14,7,159,194
807628,267,57,52,56,9,72,15,195
200726,37,8,1,4,0,45,36,196
412154,191,18,13,9,2,154,37,197
1034064,357,26,72,23,40,71,209,198
777609,130,30,45,63,30,117,45,199
1004893,239,71,30,9,14,34,73,200
974087,177,131,14,4,12,26,86,201
21190883,9437,5430,1228,550,636,289,966,202
620806,31,16,10,9,35,7,41,203
1357888,301,24,28,8,11,241,209,204
1277619,240,318,91,50,15,97,1111,205
473165,142,113,54,7,3,3,92,206
763815,119,22,61,16,25,30,37,207
1485761,679,251,49,29,30,126,388,208
2283491,645,86,362,228,92,773,1243,209
294936,71,14,3,5,1,6,8,210
1224127,307,28,35,65,10,7,282,211
311741,10,10,5,8,8,44,5,212
480377,17,24,111,70,8,224,15,213
8655723,716,254,209,86,41,47,199,214
1751426,58,137,210,288,120,68,1435,215
5483940,3249,132,8,14,9,159,2368,216
497153,87,109,20,16,31,37,52,217
753974,258,93,27,40,3,105,24,218
371754,105,20,10,1,0,23,53,219
2477746,752,444,106,172,43,204,148,220
4119616,753,747,116,88,41,96,582,221
3074172,838,93,239,449,16,21,34,222
362609,32,81,23,21,3,13,16,223
315244,8,36,9,23,10,78,202,224
4060628,1093,87,54,25,51,610,1084,225
442623,141,8,30,18,28,66,22,226
944836,488,367,35,36,22,80,88,227
2398373,977,676,41,13,14,82,925,228
1888717,567,100,194,26,24,94,135,229
3830672,1914,305,92,70,37,194,505,230
1281570,118,70,7,20,4,39,366,231
1109822,187,59,84,124,19,44,140,232
672113,489,13,35,12,8,320,383,233
230569,70,14,13,16,5,37,30,234
990220,58,31,22,34,10,18,116,235
735638,136,313,186,89,118,121,253,236
437132,22,27,31,10,23,45,70,237
82488,100,7,22,1,0,6,8,238
984223,256,315,43,61,25,51,153,239
785293,6,65,12,11,7,18,12,240
838799,67,31,55,10,10,38,28,241
1520108,13,831,108,232,75,565,703,242
1384333,248,81,13,2,1,39,65,243
799797,276,82,9,4,4,47,265,244
857181,118,62,13,21,3,17,15,245
749952,307,16,24,57,27,64,23,246
9315483,2736,1291,47,36,37,900,1303,247
398643,21,25,10,4,7,19,50,248
680591,27,32,14,5,3,20,19,249
217663,21,38,19,13,2,97,20,250
497899,40,2,45,12,0,13,11,251
1123955,650,22,12,24,23,37,14,252
327542,48,16,4,3,0,65,18,253
368974,4,50,42,6,3,8,20,254
325148,150,179,42,5,0,32,79,255
920941,224,205,29,39,15,91,112,256
1097533,249,43,47,5,22,31,88,257
1013879,383,48,7,26,8,53,95,258
895199,109,52,50,82,23,112,252,259
4883112,639,144,499,92,50,35,253,260
1532675,122,294,148,163,25,420,1090,261
2291701,936,422,105,50,52,150,130,262
13327101,206,1819,161,137,208,252,267,263
4190393,1094,202,34,89,75,96,173,264
294961,32,10,3,2,0,3,18,265
843859,672,45,11,16,19,44,126,266
656400,109,16,44,24,10,30,28,267
855052,336,55,15,21,24,39,55,268
282994,33,33,37,48,12,43,22,269
1358292,171,218,65,31,44,119,356,270
580298,147,31,15,43,10,102,113,271
2161846,362,89,6,3,22,48,329,272
375734,73,67,8,4,5,10,10,273
1410164,139,66,19,14,22,26,73,274
665947,26,94,20,18,18,99,38,275
1056435,408,126,84,19,26,40,189,276
4204848,399,19,52,14,13,59,69,277
1002304,581,63,31,31,25,34,392,278
679711,103,56,4,10,5,23,36,279
329964,65,18,19,6,9,17,35,280
1486853,258,435,102,29,53,255,461,281
321896,46,37,12,7,13,6,15,282
2350678,13,300,21,106,13,16,97,283
501256,70,22,13,7,17,14,147,284
504508,29,14,15,15,0,26,70,285
250722,6,18,22,7,7,47,25,286
1032549,466,193,35,39,27,118,225,287
556147,20,381,36,16,11,81,42,288
657688,99,22,23,18,3,8,65,289
445781,73,10,26,10,9,43,60,290
996736,13,25,7,30,5,21,334,291
672797,24,31,90,15,63,71,273,292
185275,57,2,3,17,0,5,67,293
1137771,314,200,24,40,20,163,57,294
2724208,1451,199,70,89,218,315,1788,295
1074170,293,54,50,18,100,49,40,296
1008394,212,144,15,13,8,23,71,297
513090,54,62,33,17,10,27,105,298
5842377,52,1288,51,217,52,136,904,299
1714168,145,110,15,22,45,211,18,300
417769,137,71,25,6,28,73,30,301
1044038,21,21,84,116,34,66,52,302
602024,30,160,10,10,12,26,77,303
724833,19,24,14,18,12,10,100,304
385647,118,59,46,13,8,79,140,305
583322,105,120,12,101,21,46,71,306
421212,62,7,6,0,0,5,73,307
1084634,56,125,63,32,99,119,158,308
522550,239,33,24,249,38,6,25,309
344618,37,16,21,4,1,21,52,310
794615,156,57,26,17,8,65,200,311
1491698,597,68,90,96,52,297,295,312
313572,54,69,23,48,34,13,18,313
379382,28,62,23,27,8,39,52,314
1110781,13,46,36,23,14,46,167,315
1935213,283,170,106,46,36,65,71,316
197139,26,5,29,2,0,17,19,317
4016531,218,163,110,113,23,55,72,318
352285,65,28,5,1,0,4,33,319
1636425,79,299,104,32,54,143,17,320
1594241,194,47,23,11,98,32,132,321
411647,142,178,56,19,9,60,107,322
330238,40,40,9,3,0,47,17,323
176245,11,13,8,3,2,7,28,324
273396,9,21,4,30,38,68,23,325
204410,6,15,5,2,1,6,3,326
433202,182,56,56,8,38,64,24,327
304800,9,60,27,14,18,12,35,328
236002,42,57,11,15,8,7,8,329
375491,78,98,53,17,14,45,64,330
429084,54,17,5,2,2,13,48,331
723599,274,35,15,15,9,94,58,332
1893522,457,112,19,55,5,336,63,333
487630,38,20,12,8,7,63,26,334
258922,65,42,12,9,10,42,40,335
456095,16,9,45,2,4,37,59,336
558734,36,41,6,9,7,20,164,337
1314201,128,167,30,54,70,127,93,338
242975,22,57,22,19,11,45,35,339
900005,103,125,26,74,9,60,97,340
223082,48,21,9,7,6,15,18,341
1630525,112,178,19,126,98,65,663,342
487378,139,62,18,32,2,42,20,343
1294705,479,116,33,51,32,278,273,344
429967,120,121,27,4,18,10,21,345
909508,61,14,23,1,1,43,130,346
644637,229,41,10,4,5,33,225,347
554794,74,10,31,9,15,95,116,348
565020,127,54,12,41,24,13,230,349
457492,35,6,5,2,2,51,42,350
512588,133,20,4,2,5,2,31,351
438972,85,10,9,7,3,13,38,352
590570,268,96,15,7,4,31,47,353
482996,159,107,29,10,5,13,52,354
3707266,1402,44,29,61,53,86,541,355
1848521,92,300,147,20,53,43,232,356
651151,18,32,10,20,2,23,18,357
642201,239,25,8,28,9,45,83,358
363202,67,75,5,15,5,3,47,359
1285775,354,33,9,24,10,38,62,360
532759,109,57,25,22,27,38,98,361
241858,18,15,8,8,1,42,33,362
764982,17,10,9,7,15,24,27,363
417728,46,54,26,4,1,29,49,364
346702,60,50,10,9,2,14,36,365
368513,18,57,21,18,2,8,17,366
1022333,78,218,10,14,42,57,224,367
817651,72,18,19,16,8,116,80,368
930647,122,48,30,20,15,14,93,369
505714,42,39,12,6,12,68,50,370
774492,38,25,13,25,12,51,18,371
212202,19,18,30,7,8,6,36,372
389420,140,9,26,16,10,34,61,373
326663,41,25,19,7,6,42,21,374
1205867,401,58,20,34,9,37,79,375
837508,43,32,9,19,13,36,64,376
1013266,18,3,14,19,12,95,84,377
401015,20,24,4,14,1,42,5,378
1065681,40,8,3,7,6,8,112,379
612934,180,29,67,5,7,18,182,380
2634359,69,160,60,104,65,90,187,381
13155478,8130,546,553,2093,1206,182,1754,382
382985,27,11,8,12,4,35,34,383
1765153,403,50,12,54,24,95,111,384
3303825,98,706,257,48,118,48,639,385
2954577,1271,290,91,114,32,506,63,386
942604,146,159,10,7,49,20,7,387
2062308,89,47,8,5,11,7,31,388
1139732,262,157,22,26,29,18,15,389
1263442,206,151,39,44,5,23,61,390
907147,16,388,18,16,4,87,58,391
1097511,447,156,17,12,16,100,80,392
352252,52,53,8,3,6,37,3,393
582812,154,35,41,9,7,17,55,394
1134737,73,36,56,7,6,17,14,395
382517,75,30,12,16,21,62,20,396
677150,173,226,8,8,8,88,321,397
398835,59,64,16,2,12,11,97,398
4434674,213,652,41,30,22,265,618,399
697257,214,135,46,42,9,4,128,400
1248458,80,136,11,28,13,4,277,401
9753630,2467,1819,313,237,87,332,186,402
3472415,1497,349,182,102,39,135,673,403
1625469,83,92,42,38,374,63,7,404
1352069,457,44,88,44,27,31,77,405
2373021,595,289,23,44,91,102,240,406
2725557,1502,796,15,90,27,113,307,407
1697809,380,50,85,33,28,24,68,408
396905,63,53,9,7,5,78,18,409
3095075,448,563,11,45,3,159,629,410
630431,342,177,24,5,5,36,22,411
943565,183,10,12,10,3,81,71,412
730407,204,100,27,55,21,94,34,413
4891781,499,351,61,157,18,59,219,414
1045631,73,171,10,11,9,133,41,415
246094,77,13,3,5,4,10,39,416
1055886,34,90,164,5,15,26,93,417
1442990,233,32,9,7,15,24,47,418
308276,44,43,2,4,1,22,15,419
1460352,518,95,88,61,44,95,99,420
338831,34,44,7,5,3,8,12,421
744448,209,49,54,67,38,109,279,422
2192828,1071,802,85,18,18,169,397,423
2049904,216,95,63,82,64,87,145,424
1217412,526,94,159,19,14,85,60,425
1139068,869,403,52,14,23,360,276,426
497449,98,13,24,17,25,48,65,427
630784,193,255,17,32,4,45,69,428
2771442,145,68,290,94,281,360,127,429
739690,44,38,27,5,4,16,24,430
1280829,133,273,39,38,22,32,61,431
554650,62,49,8,6,6,34,45,432
403555,28,44,2,0,0,17,22,433
427878,244,116,25,5,2,19,82,434
294396,20,38,10,4,3,33,15,435
748739,197,253,41,84,12,13,86,436
1237391,18,30,43,3,16,126,82,437
1607397,139,132,12,17,16,45,55,438
425429,94,36,3,7,1,26,35,439
948459,32,70,47,7,19,20,153,440
909309,366,45,141,31,15,123,231,441
744257,86,107,10,14,55,42,67,442
1069653,61,123,18,3,5,139,75,443
775430,43,73,15,17,10,76,263,444
922158,72,108,74,253,27,209,179,445
1985679,195,62,153,39,22,393,115,446
391427,32,54,7,25,5,39,107,447
904813,491,247,7,20,9,147,36,448
792495,68,31,16,28,16,85,174,449
1485196,323,14,12,6,17,66,27,450
881842,79,144,61,7,14,30,254,451
4934167,97,1069,139,44,14,27,1448,452
22270883,1752,345,154,209,213,184,100,453
884578,99,45,4,6,4,39,11,454
556657,16,28,8,6,6,53,93,455
2613400,32,467,8,28,22,55,265,456
4289903,369,268,48,26,45,103,595,457
1026589,114,128,13,54,12,47,105,458
555846,13,31,34,0,0,46,141,459
1054415,245,55,23,30,7,30,32,460
589931,77,412,29,47,54,45,81,461
908923,205,40,58,20,16,34,213,462
751889,16,30,89,103,43,93,397,463
296294,88,28,55,9,2,12,24,464
493966,376,113,29,4,14,162,17,465
606042,48,77,8,9,3,6,214,466
352169,148,122,5,24,4,47,55,467
1587823,179,98,16,15,43,169,84,468
665959,166,95,4,7,5,3,265,469
3661633,59,307,177,14,20,128,12,470
843719,315,67,34,89,62,43,135,471
1677738,425,79,40,13,25,81,31,472
1076279,300,269,65,10,12,93,452,473
680984,164,44,31,3,18,62,62,474
803691,204,25,10,4,8,53,90,475
1580239,188,336,33,19,22,634,87,476
406530,184,81,44,10,6,7,17,477
437529,17,27,24,7,8,60,84,478
310446,165,16,24,15,3,8,104,479
2175141,499,183,193,26,42,253,24,480
1149257,544,104,7,3,1,46,82,481
784642,43,44,1361,69,17,84,107,482
594111,75,58,8,10,3,61,36,483
1022457,5,150,10,25,18,76,205,484
501090,129,6,5,5,1,4,66,485
624544,244,18,31,15,7,121,118,486
646378,273,113,64,43,56,53,154,487
522578,106,96,36,56,20,134,90,488
462619,393,27,2,22,3,2,67,489
2064604,461,19,51,48,19,65,61,490
996694,214,57,33,122,84,39,212,491
811914,19,51,22,172,14,87,82,492
5790615,1173,985,70,65,35,207,1393,493
771144,253,84,63,12,40,75,210,494
1038576,646,21,175,36,1031,531,457,495
640722,404,62,42,5,6,11,162,496
3573198,650,156,34,73,21,97,540,497
572392,86,199,42,34,3,40,49,498
1118954,217,531,32,25,22,31,280,499
776516,140,61,19,10,9,8,76,500
18830983,4797,152,1067,825,348,1191,133,501
2088983,708,583,6,29,42,42,136,502
1471039,245,182,12,26,11,67,12,503
389813,125,59,51,46,14,118,27,504
679728,336,45,11,30,17,31,72,505
751452,72,127,34,9,19,38,67,506
308233,74,24,2,26,11,21,98,507
811565,75,92,50,9,6,22,164,508
571893,67,49,19,7,10,17,230,509
914170,366,83,84,18,10,356,41,510
689476,36,25,17,50,17,33,22,511
2856240,21,253,61,280,118,221,1348,512
414396,171,49,11,8,18,18,102,513
891314,212,39,78,20,15,15,39,514
2129938,540,269,12,18,13,82,365,515
1159134,41,29,181,39,35,194,18,516
4233352,182,465,118,26,26,160,2562,517
883282,25,19,19,8,5,8,49,518
717483,156,12,47,16,40,64,68,519
430276,62,15,48,17,19,55,114,520
2161908,294,122,15,82,7,10,385,521
1581054,341,598,74,73,35,202,363,522
436147,29,43,26,5,10,22,46,523
935859,143,169,42,8,36,84,43,524
1340175,522,30,6,40,83,158,141,525
732390,95,206,13,14,15,163,144,526
593547,70,22,20,13,9,12,66,527
2956967,66,180,29,123,42,80,178,528
1014285,45,79,12,36,36,45,100,529
1404586,64,52,38,45,59,128,396,530
13298341,109,948,103,744,333,713,2687,531
5006241,896,357,141,206,29,283,175,532
739428,34,42,5,16,13,49,167,533
1431255,268,367,15,20,8,37,80,534
906262,166,6,9,10,24,89,12,535
2882836,872,145,19,38,45,65,884,536
1180127,540,47,129,80,27,89,73,537
1557795,117,94,19,18,12,13,394,538
760493,40,24,29,20,11,18,94,539
748862,226,6,9,8,3,79,139,540
2890058,224,61,40,30,27,306,254,541
629018,103,493,2,5,4,26,59,542
1072435,113,191,28,10,5,28,107,543
938937,71,338,45,41,26,23,59,544
1095398,86,232,42,37,92,230,43,545
1098346,90,120,33,31,37,140,154,546
1010292,32,76,97,12,31,34,130,547
771962,123,33,30,4,6,49,43,548
1198897,61,124,15,17,16,31,76,549
411183,43,14,5,1,0,5,6,550
470615,76,38,22,12,17,67,51,551
480142,68,34,32,19,7,15,88,552
441609,143,17,3,54,15,22,16,553
16097077,4702,663,108,165,85,171,535,554
431307,23,22,36,20,20,57,51,555
956175,129,272,16,7,5,56,44,556
1683308,460,631,33,40,70,273,1178,557
569026,105,19,14,13,6,26,97,558
1738069,651,45,16,7,59,298,480,559
807653,341,98,72,91,19,30,56,560
666784,280,88,14,16,10,124,114,561
481834,219,53,33,45,70,67,112,562
1437808,27,374,102,163,82,464,21,563
512817,74,52,43,10,11,28,86,564
763145,58,371,76,24,17,41,394,565
833308,504,188,165,9,6,114,379,566
517779,103,52,38,16,17,32,49,567
2543750,590,26,30,9,7,11,76,568
1112000,129,26,57,11,6,29,14,569
716979,88,17,21,29,5,72,135,570
297107,81,2,19,6,3,40,34,571
483137,56,37,35,11,20,34,7,572
639995,317,155,38,44,10,37,24,573
541603,305,29,12,4,5,32,143,574
2066733,325,47,17,47,33,21,105,575
553253,63,26,4,16,3,16,55,576
819664,65,265,17,11,16,101,154,577
497172,140,52,21,8,18,20,7,578
706235,69,51,31,49,14,6,12,579
415223,95,32,5,3,11,4,39,580
393459,205,31,39,38,32,19,12,581
154698,126,19,50,23,15,123,51,582
778978,83,146,23,21,10,53,53,583
1939385,238,271,32,8,8,63,91,584
1780196,55,97,58,6,35,107,84,585
3157446,1136,43,27,47,53,18,132,586
397719,38,56,7,7,5,5,40,587
652315,80,16,20,5,5,16,84,588
564781,41,264,5,41,15,80,172,589
572845,161,92,9,14,7,134,532,590
149818,42,42,24,6,7,56,11,591
415566,83,43,6,3,1,24,133,592
1417163,292,321,9,13,14,41,131,593
359942,51,8,8,2,3,5,36,594
50443,14,31,5,2,1,4,18,595
1055904,24,80,41,91,20,174,24,596
15601385,738,75,97,147,43,111,52,597
437800,11,11,9,7,11,4,59,598
1705132,264,57,5,6,6,34,36,599
556163,161,103,31,12,25,20,48,600
318423,192,112,47,21,20,62,133,601
676741,75,25,120,11,140,39,219,602
761716,77,15,8,11,7,25,109,603
717531,105,45,10,15,17,43,113,604
1224278,71,434,111,31,44,24,152,605
702550,41,34,5,6,2,44,129,606
2835976,758,333,86,9,34,10,158,607
1406151,1288,98,245,14,18,322,745,608
495585,23,200,26,51,79,28,14,609
528451,69,29,6,8,13,8,97,610
496827,33,16,10,24,9,74,50,611
696319,52,59,104,34,8,25,42,612
433879,83,23,12,4,0,16,21,613
741625,96,56,23,9,9,21,387,614
7638978,4779,99,249,113,109,297,2606,615
1718568,90,123,52,31,12,103,244,616
656762,69,241,15,28,21,39,56,617
2054164,1125,249,47,85,29,562,145,618
4329332,795,221,80,38,61,224,728,619
540897,141,175,15,30,27,101,55,620
610454,269,443,17,17,17,54,107,621
710710,139,33,14,12,7,5,12,622
4375111,341,542,45,99,39,302,31,623
840223,216,48,75,7,2,63,332,624
674090,282,39,15,13,9,53,229,625
3302312,1342,777,73,14,8,14,299,626
3841631,1169,29,62,85,42,85,543,627
567000,28,46,44,15,24,14,21,628
654080,69,50,11,4,2,67,37,629
521974,163,130,5,6,12,42,46,630
1890066,158,164,32,24,8,48,86,631
2797058,162,103,27,32,27,78,27,632
971594,262,481,132,116,11,237,120,633
680486,144,89,11,9,7,14,87,634
575346,205,16,8,5,8,19,63,635
1974007,562,275,52,34,7,191,118,636
1022426,123,70,35,18,26,60,208,637
757791,172,430,85,44,152,35,88,638
708408,517,69,9,16,10,27,165,639
384626,116,145,14,4,3,68,62,640
473220,98,96,20,4,0,11,62,641
4573252,453,1137,511,185,93,481,547,642
719238,57,35,5,6,139,8,29,643
733293,92,117,42,22,20,70,139,644
3433437,1246,259,557,100,157,348,128,645
320717,132,40,12,3,2,6,14,646
876649,224,19,9,10,5,2,79,647
622046,222,21,3,14,27,23,107,648
1163387,507,36,55,11,8,80,69,649
176995,72,6,32,12,11,31,87,650
857400,368,89,30,5,24,14,15,651
940686,10,149,26,11,7,53,26,652
684929,261,43,13,17,13,84,7,653
6475731,827,210,19,11,32,226,238,654
4782854,2141,825,649,276,143,478,778,655
449161,372,346,179,47,33,74,105,656
1222800,268,205,12,16,27,94,175,657
523422,103,98,21,8,6,56,40,658
1922563,508,552,46,53,40,128,107,659
403708,36,41,40,2,0,43,5,660
860139,191,39,6,10,25,42,16,661
1838628,1406,356,110,158,41,107,76,662
1209663,527,90,48,15,9,182,71,663
766536,297,12,12,16,2,18,148,664
524790,63,26,21,9,29,36,125,665
399280,199,19,37,8,2,16,198,666
579754,196,10,16,1,3,16,69,667
2611707,357,121,188,225,194,195,328,668
295059,28,46,5,1,3,18,31,669
3917039,447,116,62,30,16,19,360,670
538014,137,74,13,53,8,4,26,671
473956,43,87,15,37,22,38,114,672
1542898,129,68,101,91,73,94,96,673
642744,17,88,5,52,7,30,8,674
619489,241,16,53,17,12,114,154,675
2212944,755,245,25,255,89,31,212,676
876307,369,11,25,21,3,42,363,677
34309432,8845,3413,1640,1161,112,2659,6600,678
612260,468,38,15,9,4,47,14,679
649531,71,121,11,3,8,25,48,680
577356,9,21,5,7,9,8,26,681
1324929,762,224,86,36,52,207,413,682
851719,32,138,5,20,24,121,362,683
316507,138,17,13,5,6,86,20,684
2465179,263,76,78,50,17,432,104,685
3362099,218,71,135,36,14,115,45,686
1028630,124,253,13,8,13,59,303,687
4149065,1576,260,20,119,29,27,968,688
2108816,780,455,109,47,115,88,30,689
358820,16,37,20,5,3,11,81,690
603657,350,183,87,46,25,36,176,691
1086357,240,28,11,30,54,46,98,692
7266316,865,1237,83,71,38,1116,2199,693
1033272,128,194,42,16,37,55,53,694
1057238,115,11,77,17,7,34,523,695
541076,96,34,7,21,7,56,41,696
518461,15,50,4,9,4,9,70,697
389961,36,41,31,66,47,30,48,698
1514014,514,72,44,24,59,14,139,699
1426130,431,175,23,57,16,9,313,700
1451649,81,161,89,39,14,240,455,701
1616851,240,294,16,34,14,42,30,702
1059130,208,28,31,21,7,24,95,703
1160672,439,69,91,28,30,60,89,704
327406,4,33,58,3,0,84,94,705
1056987,280,26,16,9,30,23,350,706
1294171,129,27,17,22,17,70,40,707
1231159,153,362,23,29,12,18,146,708
2428958,116,27,98,38,60,139,127,709
777079,165,73,16,20,15,111,485,710
428470,102,28,7,4,3,9,33,711
1579033,1184,129,207,77,73,97,308,712
587639,273,84,3,5,23,26,19,713
2785058,446,24,184,78,43,55,326,714
629753,477,65,35,83,32,48,51,715
772299,222,23,10,6,18,197,299,716
957087,366,224,46,10,12,48,69,717
1014201,75,22,41,32,57,43,21,718
954924,444,105,24,14,24,30,245,719
668454,214,49,27,18,8,71,13,720
362741,11,23,10,8,10,3,71,721
1678493,691,154,24,24,7,24,402,722
1332785,366,160,46,41,32,189,69,723
1212079,482,66,45,16,84,2,225,724
664485,61,45,70,48,14,121,39,725
426610,306,92,45,20,125,12,78,726
2934262,74,134,30,22,111,156,187,727
594725,177,69,68,44,3,58,336,728
2156157,1124,1331,21,68,20,133,539,729
694714,301,16,20,44,14,6,60,730
1763449,437,204,77,194,32,336,980,731
2278271,71,387,75,81,29,1089,415,732
819361,151,205,56,34,138,29,62,733
1123482,318,53,29,19,5,79,64,734
2468906,1334,49,17,17,25,78,92,735
486269,125,161,6,24,5,33,38,736
3087856,184,232,116,70,74,279,523,737
220099,21,16,2,5,3,6,106,738
659664,81,46,42,28,12,89,231,739
332099,80,58,18,10,8,40,28,740
1236817,325,404,46,44,36,90,93,741
1029186,413,170,70,61,11,71,536,742
431548,201,52,17,3,4,77,7,743
1049847,51,83,16,29,25,57,344,744
292395,502,241,22,43,14,140,694,745
734490,73,33,6,15,22,62,37,746
799855,31,139,15,27,18,61,48,747
4646183,353,185,42,36,13,262,200,748
816019,30,59,22,25,35,93,301,749
2581998,713,477,54,37,33,169,1216,750
592082,87,61,4,18,28,24,38,751
544047,132,637,80,21,23,75,64,752
479113,78,74,22,14,13,40,47,753
452632,143,10,57,7,32,67,46,754
1373377,234,33,18,26,49,223,141,755
1597719,592,81,143,28,27,35,388,756
924806,36,246,58,15,17,107,45,757
800001,292,80,40,55,13,53,61,758
4657799,752,364,94,136,38,94,187,759
1424250,185,36,22,53,6,14,126,760
2528934,385,627,173,12,8,151,670,761
427590,66,20,7,15,10,37,37,762
343532,31,95,12,17,7,103,5,763
497710,172,40,41,8,14,27,37,764
955329,221,173,114,45,59,171,124,765
547649,66,34,36,9,4,23,12,766
1306536,174,24,41,8,13,149,96,767
2244295,907,117,29,11,24,30,156,768
568761,307,8,10,19,5,43,172,769
649740,32,132,20,7,1,11,50,770
1157394,44,69,86,13,7,37,8,771
3951683,473,97,35,52,16,80,970,772
235221,35,4,1,1,2,11,24,773
484254,60,36,10,3,3,17,56,774
875821,132,62,32,18,10,6,207,775
1147609,374,688,21,14,49,127,37,776
112321,46,15,3,6,6,31,19,777
865560,9,38,65,15,2,43,29,778
942928,120,494,69,93,50,122,201,779
343349,74,4,45,8,24,78,7,780
1059098,426,147,12,7,10,31,132,781
1097901,411,9,9,11,9,33,199,782
899942,440,135,77,49,72,81,385,783
334820,22,18,4,5,0,46,26,784
738895,167,135,42,32,4,7,116,785
3450119,985,235,49,62,84,219,329,786
1075196,641,155,132,98,10,133,26,787
1189754,383,20,86,48,53,75,45,788
317127,25,26,13,6,1,6,58,789
414028,26,97,34,17,26,117,154,790
1876053,74,45,18,39,72,23,245,791
278672,491,8,26,18,11,47,7,792
1359611,420,125,63,37,38,44,146,793
1342475,113,101,68,12,14,85,26,794
688861,38,77,15,9,10,11,187,795
759736,256,67,21,148,30,34,88,796
621361,8,28,24,2,10,48,39,797
622593,127,38,6,56,17,24,27,798
954049,129,16,60,19,13,29,119,799
556032,154,25,16,22,23,10,63,800
368770,29,26,8,9,14,7,162,801
829399,205,14,8,14,14,48,72,802
1021573,195,26,58,49,28,136,283,803
543551,299,46,109,32,16,19,128,804
454323,63,74,4,4,4,20,28,805
611081,258,39,20,24,8,16,29,806
1231423,187,261,4,13,5,34,148,807
943245,198,84,48,6,3,38,137,808
307628,10,41,3,2,1,11,11,809
1347633,689,12,30,56,48,52,174,810
586814,196,44,31,5,14,39,119,811
1154719,9,432,72,302,25,50,22,812
1499219,715,127,49,27,32,270,96,813
2012387,594,614,23,71,20,149,758,814
539950,30,92,9,10,10,9,39,815
960523,98,49,100,11,11,91,47,816
349168,50,40,8,5,16,7,28,817
452578,78,104,22,10,9,20,204,818
505716,61,270,17,4,18,175,461,819
4908787,1776,1520,117,230,95,596,643,820
1112351,151,490,21,11,9,332,204,821
2152734,500,370,811,55,263,129,293,822
1828181,369,285,127,102,30,69,313,823
1393541,70,83,15,16,19,59,279,824
532619,155,310,6,6,0,3,131,825
833901,86,166,7,32,28,11,309,826
588691,132,27,12,10,72,44,56,827
2235818,290,63,234,62,77,121,23,828
849372,170,143,14,9,13,26,47,829
851862,286,97,40,77,27,43,63,830
1882742,195,176,51,27,26,54,42,831
2108409,371,196,86,71,69,188,98,832
1125092,515,57,37,38,20,58,74,833
1854997,1803,893,118,22,41,574,330,834
858303,285,172,7,2,3,131,376,835
7431179,1360,228,236,86,52,129,128,836
702793,114,43,7,28,21,47,46,837
31168150,4638,5225,233,155,113,1094,4561,838
948622,583,18,35,95,9,70,805,839
4241096,560,163,374,304,76,57,666,840
1847256,1208,202,77,61,66,155,896,841
1231800,296,88,77,26,23,19,334,842
892492,480,203,10,4,34,17,299,843
2859644,1285,217,102,58,37,143,569,844
667218,172,57,11,82,15,13,81,845
1475333,189,125,72,40,39,461,563,846
1301834,162,89,21,20,17,34,97,847
1208946,149,133,102,113,24,16,82,848
953587,145,315,52,52,16,15,202,849
900395,14,310,58,80,155,60,611,850
521502,30,9,37,43,23,7,24,851
462012,114,73,42,46,87,163,77,852
463366,183,20,2,10,5,21,33,853
757335,188,194,70,21,20,102,79,854
2327025,728,74,156,117,68,39,256,855
497626,205,93,19,6,2,26,411,856
1300622,101,18,66,15,14,11,177,857
399314,84,60,23,18,28,44,31,858
465856,38,25,12,32,9,7,32,859
316975,155,140,13,13,13,36,78,860
724865,60,90,14,58,13,11,94,861
1272294,114,35,25,21,22,255,190,862
2434842,98,98,27,23,59,124,96,863
599444,42,15,29,17,8,45,334,864
3813685,448,446,47,29,18,426,401,865
1064574,366,123,35,14,48,73,112,866
348647,186,14,5,2,2,17,2,867
1740568,573,154,14,36,8,71,11,868
1917442,244,30,14,49,4,44,11,869
694181,40,41,38,10,11,84,16,870
2513242,37,90,32,26,23,141,497,871
861056,294,102,6,27,13,73,109,872
710327,62,37,7,7,13,50,18,873
729867,126,137,32,28,12,38,121,874
880598,45,179,211,27,30,109,138,875
620073,34,31,11,8,3,16,93,876
439180,38,46,36,50,13,173,36,877
420269,143,24,4,15,11,150,5,878
746852,111,13,12,19,3,21,43,879
922923,227,31,16,9,19,24,194,880
2626483,1335,191,87,62,50,28,433,881
914212,125,107,13,14,7,20,118,882
1866264,207,125,31,69,9,53,28,883
2783715,873,49,9,6,17,38,457,884
953671,82,125,95,19,18,73,64,885
4609857,918,258,45,29,53,258,989,886
2475423,588,1330,96,83,29,49,391,887
596776,14,139,17,15,41,13,27,888
1132752,427,83,93,124,28,708,98,889
1119772,110,74,72,90,23,66,31,890
2178952,85,381,16,8,10,95,58,891
562653,308,10,11,5,9,44,68,892
10529854,1220,76,612,107,118,1266,116,893
2391977,750,195,124,26,19,122,692,894
710619,203,145,41,51,20,84,157,895
1226731,926,94,37,19,19,64,232,896
1370710,381,98,15,54,44,73,163,897
400082,39,47,11,21,13,15,23,898
1624741,400,275,149,59,111,140,26,899
1349028,311,134,16,30,13,29,145,900
1530711,417,370,19,17,21,13,337,901
2442977,248,381,15,12,11,53,131,902
3421371,818,35,15,8,13,24,131,903
856326,38,379,51,2,6,3,78,904
2467385,71,295,21,36,30,87,553,905
893343,440,33,97,13,16,97,37,906
2049103,283,194,91,37,53,48,281,907
943624,172,67,5,4,0,297,13,908
2030154,376,93,39,11,22,63,262,909
656851,130,16,7,10,16,10,4,910
7481004,452,47,82,78,48,469,66,911
1612925,60,215,69,38,10,144,1076,912
1104345,235,111,15,4,18,41,53,913
1479352,338,353,12,12,3,65,323,914
620231,59,13,46,9,6,103,22,915
1531265,429,236,209,167,53,129,1072,916
3976339,959,683,228,259,73,400,462,917
1394203,475,239,25,31,6,59,467,918
537035,26,64,9,27,9,2,62,919
6636475,695,211,25,76,28,821,932,920
1021180,607,31,84,28,56,73,47,921
744089,443,138,8,21,11,137,70,922
862689,243,16,23,64,25,15,102,923
1507048,355,60,19,11,8,112,143,924
1367702,474,182,72,16,14,6,51,925
4039403,1000,246,26,33,69,74,625,926
820976,338,37,7,25,20,24,8,927
657251,104,57,21,9,18,67,164,928
1218882,330,32,5,10,6,30,82,929
1549458,73,179,168,73,39,48,173,930
1885751,638,47,18,12,21,13,84,931
2004519,402,889,9,4,3,33,275,932
747979,8,87,9,7,15,37,216,933
4653286,620,167,256,12,22,75,68,934
612377,249,29,3,0,0,38,164,935
846544,250,19,7,12,20,77,78,936
931567,384,23,37,28,7,30,155,937
1586547,290,557,43,3,92,548,597,938
1778606,111,359,22,17,12,61,178,939
1215549,173,4,9,15,18,24,262,940
6263759,255,1108,49,22,94,206,174,941
357454,218,37,40,81,40,94,73,942
1474192,78,618,42,23,35,62,487,943
509375,41,5,10,2,1,26,15,944
650274,151,17,35,26,9,5,43,945
1113407,166,344,49,81,28,199,54,946
769926,89,26,4,4,2,2,27,947
251313,61,106,80,35,29,25,51,948
703439,363,187,5,14,6,82,44,949
1670894,236,99,80,32,20,51,80,950
1272198,98,38,261,41,91,143,144,951
1202928,172,151,101,84,16,11,128,952
681873,176,123,36,19,26,76,34,953
2442996,337,63,33,25,11,15,538,954
1832930,584,160,38,26,41,94,16,955
461382,159,107,24,59,4,146,126,956
1071132,336,61,19,45,24,257,67,957
1621707,142,159,3,3,6,56,45,958
869847,269,161,33,22,36,9,25,959
1486880,181,21,55,23,10,23,231,960
602203,420,9,61,16,40,112,30,961
938456,645,13,13,37,24,59,131,962
788065,156,74,20,33,25,44,138,963
929077,132,46,4,46,9,14,27,964
800056,151,85,40,19,8,45,299,965
1751030,402,399,152,67,28,74,90,966
727487,90,24,21,41,7,27,196,967
909194,110,13,15,6,3,21,29,968
1637656,469,456,120,164,36,120,295,969
525446,440,43,38,25,19,16,52,970
1190085,518,190,10,4,19,5,44,971
534289,237,21,7,6,8,41,225,972
704205,266,48,29,7,2,92,50,973
8838874,386,560,128,36,30,528,542,974
1396197,238,134,77,35,34,15,251,975
938976,564,136,23,13,4,14,45,976
690977,220,36,8,21,21,49,36,977
490275,126,7,13,21,110,131,136,978
735708,323,18,6,17,20,12,68,979
703559,42,253,5,21,25,266,208,980
1734555,243,91,54,86,28,446,79,981
498409,15,31,7,3,7,6,97,982
1660801,82,581,13,29,22,70,323,983
2462734,2203,499,92,135,24,138,1000,984
3688975,1729,128,66,71,26,347,811,985
6264902,73,119,24,13,59,20,260,986
659276,316,38,14,20,9,50,48,987
1435933,50,211,62,101,12,99,263,988
1948949,204,112,7,15,4,19,127,989
812508,486,9,47,9,34,42,306,990
5402228,2334,1219,132,92,60,229,577,991
1134961,227,17,80,12,26,102,160,992
2500389,455,154,16,104,85,63,119,993
1421357,389,125,38,30,32,107,187,994
551041,29,53,6,5,10,15,47,995
2190746,89,138,87,25,31,162,118,996
1349669,498,56,204,127,122,41,246,997
984738,13,19,33,30,8,36,148,998
393695,247,56,28,2,0,56,64,999
842057,95,118,30,6,20,43,119,1000
1079565,366,150,25,37,7,7,61,1001
5447236,527,116,37,40,35,116,574,1002
1055562,257,61,92,9,24,18,52,1003
1399333,411,56,9,14,21,24,66,1004
740934,356,8,45,60,120,73,84,1005
983929,159,38,115,29,15,35,8,1006
1451656,37,53,72,80,4,112,202,1007
790122,64,29,8,9,9,4,131,1008
593099,57,66,32,6,9,14,198,1009
693722,84,80,19,58,29,106,196,1010
946354,503,128,10,67,41,16,213,1011
992224,512,49,7,23,7,103,31,1012
1264969,439,62,16,8,79,56,57,1013
872169,127,144,138,41,15,61,48,1014
852507,384,143,68,16,16,26,367,1015
647752,102,48,47,17,15,12,253,1016
293626,55,57,33,53,7,37,150,1017
1564173,205,527,148,135,65,42,84,1018
1783040,67,688,844,43,44,188,956,1019
834926,70,51,16,12,7,18,125,1020
484266,45,19,21,2,0,12,164,1021
1258574,350,557,111,20,18,62,412,1022
1390908,57,250,29,3,6,18,658,1023
667985,308,143,2,2,1,66,119,1024
399332,39,5,15,4,2,6,16,1025
2204314,393,128,33,60,32,26,583,1026
787092,35,53,3,7,4,42,54,1027
1776828,38,54,68,59,42,140,197,1028
598693,215,69,26,13,40,55,194,1029
3729820,1475,134,47,194,45,91,125,1030
8744428,3854,2051,863,1368,138,783,2606,1031
975365,570,6,15,41,44,18,47,1032
502832,170,28,27,9,8,18,80,1033
2901853,355,949,62,21,68,159,463,1034
950387,235,221,32,17,16,91,304,1035
576592,165,26,3,11,2,20,8,1036
16861578,2076,406,139,63,174,331,493,1037
1426518,319,256,51,34,18,104,234,1038
3630894,789,146,241,30,34,422,26,1039
1048905,312,578,32,54,55,207,900,1040
471545,31,26,9,18,3,17,41,1041
841471,107,6,2,4,1,16,36,1042
729857,147,59,12,7,11,46,42,1043
2487499,523,184,33,43,17,279,87,1044
648251,1053,49,77,91,29,219,469,1045
1067460,123,60,34,45,92,142,260,1046
507746,90,153,9,1,0,35,107,1047
933319,123,259,5,22,4,76,315,1048
822884,119,140,31,62,38,22,127,1049
1529057,561,185,42,59,35,210,135,1050
924764,140,20,39,5,3,115,10,1051
1736183,45,187,60,70,139,56,204,1052
1042789,258,13,7,22,32,3,174,1053
148971,120,6,2,7,6,9,30,1054
291251,40,110,50,8,4,7,81,1055
720940,12,327,53,17,11,135,38,1056
777463,8,85,23,12,5,48,248,1057
487006,37,178,8,6,2,62,64,1058
1033748,423,57,28,34,7,30,73,1059
2758792,662,309,91,35,16,51,20,1060
287416,34,363,332,57,12,111,77,1061
138812,39,40,46,24,12,16,50,1062
6064898,970,192,104,63,28,16,54,1063
7900891,154,22,31,4,1,11,85,1064
6503775,374,428,26,228,225,23,386,1065
847439,252,11,9,11,15,19,79,1066
670245,155,45,31,55,36,58,86,1067
438379,316,72,90,29,28,71,219,1068
569814,36,130,17,31,52,17,301,1069
2042272,220,74,180,16,5,24,35,1070
558524,121,72,8,5,12,37,101,1071
1091352,144,30,19,73,31,212,61,1072
1986542,405,92,4,24,12,52,250,1073
1624184,938,100,20,30,33,84,486,1074
1145700,66,70,109,116,59,167,175,1075
1757711,577,56,62,21,17,128,90,1076
485285,135,381,22,18,18,24,98,1077
571200,190,120,8,12,27,10,68,1078
1791790,375,397,77,35,114,205,244,1079
121186,62,28,43,29,22,18,39,1080
711977,346,44,25,42,27,47,45,1081
276132,139,31,12,19,18,13,64,1082
1482664,325,31,8,2,8,53,470,1083
764971,53,86,5,3,8,36,84,1084
698388,343,94,4,3,21,21,36,1085
653303,279,61,8,8,3,12,60,1086
268280,198,54,12,55,18,20,10,1087
221777,294,12,30,6,2,36,72,1088
550740,59,101,14,2,8,80,109,1089
1109932,135,278,7,4,2,39,213,1090
633715,90,61,26,11,6,39,44,1091
857205,36,68,34,38,26,10,89,1092
369363,102,17,17,6,1,27,64,1093
191555,329,145,34,33,19,33,47,1094
242251,28,48,11,9,25,31,83,1095
1692225,53,149,18,89,22,120,94,1096
393726,193,7,28,12,3,4,17,1097
2119412,346,566,359,15,68,204,32,1098
532416,222,97,18,8,10,41,29,1099
802688,496,20,30,10,2,22,8,1100
1468930,148,231,106,57,93,42,58,1101
2370111,53,524,147,191,127,590,83,1102
986648,502,31,315,26,94,42,77,1103
618729,136,275,25,38,62,59,401,1104
125050,25,21,13,32,22,55,20,1105
161462,41,111,14,13,16,21,122,1106
277326,173,194,55,80,55,102,89,1107
913084,74,97,11,13,7,22,58,1108
338346,6,11,7,6,3,23,25,1109
1443353,37,233,8,14,8,39,364,1110
310126,31,3,9,6,2,8,19,1111
390395,234,6,30,6,9,11,38,1112
66668,13,21,1,2,1,6,38,1113
353749,27,23,7,8,7,42,36,1114
2203020,258,1070,217,68,101,685,104,1115
957219,63,158,13,5,14,24,95,1116
1275141,1430,20,72,25,21,38,284,1117
2314111,390,20,42,118,13,37,40,1118
348992,92,106,40,43,10,41,35,1119
155895,24,23,16,16,17,7,29,1120
1005287,62,72,215,135,33,51,18,1121
1595655,342,154,55,10,11,209,45,1122
611461,74,59,9,14,14,28,24,1123
1324838,382,41,25,4,20,120,154,1124
548121,27,108,50,11,7,25,90,1125
422460,67,273,8,9,30,103,100,1126
276779,81,66,14,17,12,40,29,1127
1818344,257,923,17,45,124,343,148,1128
550715,182,188,4,23,12,3,76,1129
16209727,7315,471,82,61,78,1162,2529,1130
318110,15,130,3,10,2,12,7,1131
581419,71,46,23,9,7,14,78,1132
940841,212,45,96,26,9,6,280,1133
115346,74,35,11,30,23,28,43,1134
1152886,1380,702,75,226,287,251,215,1135
1196436,65,25,13,22,8,94,103,1136
485769,60,37,18,7,18,18,12,1137
642142,45,64,13,11,13,32,44,1138
1063288,558,28,22,28,1,51,174,1139
3680820,449,178,43,31,26,44,176,1140
3119947,1156,176,26,34,21,200,297,1141
120274,9,10,22,5,4,62,10,1142
450706,11,26,6,4,11,114,81,1143
4384497,238,519,137,68,21,107,136,1144
217851,14,30,2,3,0,4,2,1145
288585,8,15,2,4,2,3,29,1146
478456,19,40,39,19,16,33,6,1147
347644,8,2,3,5,0,4,40,1148
792779,763,95,62,9,54,116,660,1149
175395,145,20,17,5,2,5,49,1150
983994,563,424,17,35,21,22,74,1151
713999,79,47,21,10,15,110,46,1152
576918,212,32,34,32,33,29,36,1153
1332298,389,14,125,15,27,59,76,1154
1072306,91,46,4,20,6,7,15,1155
1104692,146,53,7,9,27,102,47,1156
418651,78,131,40,8,19,19,178,1157
2145157,38,152,31,15,22,41,517,1158
293342,15,7,5,2,2,37,45,1159
224768,10,16,5,3,1,9,34,1160
1363726,397,113,13,51,4,129,107,1161
1174189,528,203,120,34,45,129,331,1162
4234334,2026,95,18,12,11,71,1142,1163
17629275,3623,1049,3944,2467,442,147,80,1164
3791888,1493,454,37,49,27,107,1049,1165
2702500,137,558,40,21,96,74,1226,1166
1243930,50,302,34,12,31,94,553,1167
827607,52,22,34,31,14,12,328,1168
2950307,82,65,69,9,103,34,221,1169
306296,152,16,58,99,19,50,22,1170
5917201,4131,363,471,752,425,273,1640,1171
303986,236,222,26,5,34,44,47,1172
659450,167,219,117,38,93,28,107,1173
277544,203,28,25,2,14,44,53,1174
877096,195,105,12,20,10,97,182,1175
1129577,257,333,66,77,39,69,464,1176
2598055,340,65,36,31,30,325,137,1177
7988894,902,960,73,55,23,986,3269,1178
132199,100,43,8,2,1,28,17,1179
142164,105,22,43,10,7,11,99,1180
613676,296,41,48,19,11,18,23,1181
786180,13,101,21,14,8,8,201,1182
3192405,589,50,34,209,26,120,142,1183
1140425,433,60,23,7,2,9,7,1184
220716,69,22,9,32,34,100,221,1185
873230,49,384,25,9,48,82,118,1186
1803069,424,319,26,44,44,59,107,1187
1618434,738,412,53,77,23,135,261,1188
1080869,122,10,7,2,9,61,304,1189
1168080,171,93,11,61,5,30,84,1190
1394503,190,342,60,87,11,29,98,1191
208115,90,23,9,17,12,23,13,1192
181010,148,28,11,7,22,62,185,1193
197120,244,53,20,7,4,46,78,1194
4066376,1307,225,154,211,57,198,333,1195
1752014,372,411,44,53,22,212,52,1196
975115,49,111,7,10,4,28,19,1197
1565486,209,368,32,14,63,106,210,1198
186308,51,99,121,81,24,102,89,1199
702977,484,31,87,30,11,7,209,1200
3055565,1185,350,13,21,51,42,420,1201
3578701,500,258,17,10,28,35,74,1202
1141812,389,76,25,17,48,37,231,1203
1324704,222,233,27,2,32,14,119,1204
981351,16,16,65,7,6,27,32,1205
1654299,525,150,8,21,4,51,505,1206
1061687,145,85,22,5,8,17,47,1207
777180,93,162,61,19,27,110,57,1208
1197677,79,27,12,71,4,70,33,1209
651717,52,24,9,9,8,8,25,1210
3327164,82,128,51,73,74,227,461,1211
3539952,390,106,47,8,33,118,181,1212
419672,121,83,25,62,21,39,553,1213
834897,215,50,17,13,34,111,105,1214
979094,111,96,32,14,5,45,15,1215
3270359,82,105,71,105,7,58,461,1216
490092,112,32,40,73,28,129,79,1217
661645,51,43,27,22,14,6,52,1218
1144360,111,201,57,18,12,45,325,1219
621547,8,98,10,2,6,3,87,1220
2098639,745,44,26,24,21,113,132,1221
2371897,737,24,25,15,60,31,347,1222
1447603,49,245,507,56,49,101,69,1223
166959,89,21,7,15,2,30,56,1224
1281099,49,46,38,9,16,7,225,1225
655406,145,85,55,10,13,19,168,1226
737937,5,15,1,5,1,15,53,1227
4754217,286,343,55,24,24,111,480,1228
1605113,303,253,59,62,26,117,70,1229
117756,19,28,7,30,17,39,33,1230
264684,127,161,15,2,2,20,83,1231
1995401,85,376,86,57,41,130,383,1232
1183303,401,16,31,17,24,194,67,1233
4389731,394,210,87,42,50,316,45,1234
890283,156,202,3,17,8,10,5,1235
1128212,104,43,17,14,18,48,67,1236
271344,259,33,4,2,12,26,80,1237
166835,43,28,14,11,10,46,43,1238
872641,4,64,62,16,4,11,9,1239
2138419,1178,266,13,62,18,243,170,1240
640744,73,83,9,65,5,11,26,1241
493782,51,34,5,14,2,6,161,1242
9315931,490,95,65,25,72,46,402,1243
462242,36,31,59,35,13,44,41,1244
359381,30,39,17,42,9,57,119,1245
952095,355,3,11,34,7,140,176,1246
587088,125,9,11,3,3,33,62,1247
638247,76,40,4,20,8,12,36,1248
1383079,71,32,5,19,3,20,15,1249
832407,216,38,11,25,23,76,105,1250
174326,82,21,14,11,7,29,73,1251
1878242,734,323,58,34,84,35,1406,1252
3886045,191,36,63,17,147,186,54,1253
3257749,1132,162,19,14,16,115,57,1254
940703,132,10,11,5,16,9,28,1255
1128896,19,82,89,71,5,182,22,1256
572281,142,40,4,9,2,13,80,1257
737230,33,6,30,14,25,58,10,1258
979799,39,174,33,14,11,69,31,1259
765840,25,24,19,27,5,5,89,1260
953825,29,70,22,8,3,27,20,1261
1466095,282,51,57,22,47,44,144,1262
814297,42,14,34,19,9,56,118,1263
298776,60,22,3,17,1,18,12,1264
3024826,464,68,35,3,8,24,169,1265
641193,18,62,19,8,11,60,11,1266
1721411,588,90,20,13,22,27,354,1267
1054590,34,124,7,1,1,24,108,1268
703243,7,33,18,7,14,51,69,1269
721905,238,15,8,4,7,33,168,1270
881361,21,49,26,13,8,8,28,1271
1057964,124,13,19,13,30,19,54,1272
722536,84,17,5,6,2,12,111,1273
1778974,142,15,20,3,0,4,37,1274
1009356,154,56,28,60,8,53,218,1275
3247799,194,362,44,13,5,13,564,1276
2364799,73,221,32,24,84,10,782,1277
1280380,96,64,38,13,45,26,324,1278
811778,72,88,21,31,17,49,40,1279
841128,350,101,13,18,2,72,75,1280
3346345,495,19,20,9,15,12,149,1281
6141140,860,1218,57,356,119,76,871,1282
736224,39,33,26,2,531,12,29,1283
731620,55,29,30,5,5,44,9,1284
1217317,560,123,65,18,41,224,304,1285
669088,52,45,16,8,5,16,32,1286
729428,70,12,4,4,8,41,249,1287
729993,137,5,8,2,6,46,109,1288
990712,193,26,8,20,12,114,109,1289
509747,14,44,11,6,17,10,9,1290
850833,57,47,17,11,4,3,49,1291
2623011,51,17,8,11,2,12,80,1292
2468887,434,581,35,11,12,137,418,1293
1184933,19,69,47,3,7,30,4,1294
585351,43,33,5,2,1,8,55,1295
721266,86,44,5,20,16,22,131,1296
1619108,31,18,29,13,23,149,73,1297
1191702,64,11,44,41,19,149,35,1298
4039820,1294,10,21,27,16,39,293,1299
863507,133,16,7,41,12,14,12,1300
687263,131,84,15,16,11,25,35,1301
144044,421,128,4,1,1,61,17,1302
1423930,26,335,27,46,9,101,130,1303
1112964,168,121,8,1,5,200,112,1304
2302206,454,248,11,16,23,29,655,1305
767285,12,60,6,2,2,16,19,1306
3600582,101,109,20,10,19,29,108,1307
353350,98,40,25,32,6,47,263,1308
1145261,155,98,18,21,28,50,210,1309
3167353,2020,206,157,81,13,33,55,1310
1065331,162,28,12,1,1,16,74,1311
1206351,23,301,97,161,6,450,8,1312
1356163,330,79,38,7,31,37,114,1313
2586606,742,159,16,29,20,28,732,1314
582161,99,2,4,8,9,11,19,1315
640604,18,34,3,36,11,95,63,1316
805880,29,47,9,11,5,97,6,1317
10167161,283,259,170,221,151,86,227,1318
1024653,144,12,22,1,2,38,35,1319
1952381,113,7,12,19,12,12,223,1320
754755,4,71,25,9,28,7,13,1321
856136,47,96,13,6,24,15,142,1322
464213,26,14,6,2,6,17,50,1323
809361,231,20,7,4,3,20,139,1324
1052980,45,33,12,13,4,143,66,1325
1050633,59,9,22,15,21,54,36,1326
933277,23,43,10,5,0,18,47,1327
1362071,218,174,19,51,44,74,433,1328
832831,119,16,13,24,20,175,18,1329
891589,14,29,17,40,16,56,141,1330
516355,40,22,23,3,8,94,30,1331
1471114,406,37,28,2,7,32,25,1332
2246203,489,39,58,26,30,118,32,1333
1225395,35,157,24,5,3,1,5,1334
1337967,471,21,27,12,30,20,51,1335
587181,82,21,19,5,7,4,15,1336
924318,228,1,41,9,4,28,18,1337
1239316,28,386,57,11,13,52,258,1338
956324,79,42,25,9,23,43,5,1339
693628,17,131,15,2,5,48,63,1340
1245095,83,71,21,10,13,13,197,1341
336430,436,40,16,21,69,62,16,1342
2228138,211,125,20,4,15,18,39,1343
1024326,15,39,17,3,1,25,4,1344
661530,18,33,6,6,6,4,26,1345
1030762,41,40,9,24,14,9,49,1346
43155405,6217,21210,338,335,938,3232,1428,1347
1038897,19,68,27,13,1,12,33,1348
788255,76,29,42,14,43,45,93,1349
983172,31,170,36,8,5,13,202,1350
625454,82,37,5,14,14,23,6,1351
943919,254,85,10,14,101,20,167,1352
1045703,112,42,22,27,9,73,61,1353
2352202,94,357,58,34,89,42,127,1354
2106788,382,113,33,13,89,96,367,1355
725173,18,66,43,5,6,26,4,1356
1495331,156,33,13,17,61,50,125,1357
539219,181,122,8,2,10,7,53,1358
1272319,77,117,6,12,17,38,131,1359
932024,36,185,15,6,14,62,219,1360
695153,186,60,7,11,2,9,33,1361
813261,35,37,23,16,7,35,83,1362
692434,39,17,16,10,5,27,89,1363
720465,13,83,11,9,14,109,71,1364
1171568,35,4,35,13,3,48,56,1365
1965808,60,26,11,53,22,150,14,1366
852344,123,38,10,20,7,15,63,1367
488481,58,20,5,3,1,15,23,1368
472121,50,43,10,17,4,6,17,1369
714578,54,81,2,10,5,4,73,1370
1123786,615,38,15,18,5,91,100,1371
2723934,537,38,34,33,16,19,133,1372
485501,41,7,6,1,3,14,9,1373
1022799,332,4,6,4,2,3,57,1374
803292,15,51,2,6,2,8,163,1375
1198585,218,69,28,8,11,9,15,1376
1776779,82,94,9,19,21,76,191,1377
1115222,297,87,4,6,5,48,125,1378
1909462,765,263,20,22,17,77,79,1379
766305,132,92,7,8,16,8,96,1380
674288,45,13,7,2,7,47,29,1381
4682458,347,83,12,28,46,32,41,1382
1004016,37,97,4,2,12,2,49,1383
1798001,182,25,1,7,2,5,25,1384
3658158,3422,176,192,45,10,98,131,1385
4922118,366,119,37,80,38,203,1394,1386
2829484,695,616,20,4,7,54,596,1387
1194938,155,74,32,20,25,95,111,1388
1367089,370,280,13,11,14,23,90,1389
926948,160,79,3,8,4,40,45,1390
2324212,62,284,104,45,25,44,107,1391
660569,80,12,79,22,6,12,9,1392
1594495,257,94,47,9,4,78,139,1393
1233545,106,80,7,5,2,34,56,1394
1063880,128,40,6,13,11,16,53,1395
1120276,50,25,104,102,35,168,41,1396
389194,16,32,4,4,4,13,24,1397
1229150,111,60,3,20,14,11,78,1398
8105311,211,104,135,23,7,40,147,1399
1003863,12,27,1,1,2,20,209,1400
1778739,91,47,23,47,34,21,55,1401
917877,21,15,6,7,16,6,69,1402
1200277,585,23,13,19,25,31,55,1403
1405909,19,28,6,16,9,11,54,1404
783528,8,59,14,14,8,24,48,1405
2033797,1067,171,7,26,15,41,122,1406
1951290,29,95,118,21,29,208,299,1407
943968,66,12,15,8,3,4,68,1408
724773,101,57,19,15,8,12,16,1409
606994,62,26,17,4,4,42,8,1410
2052286,212,341,52,10,10,14,76,1411
879676,107,95,21,3,0,26,8,1412
478878,81,33,3,7,4,16,23,1413
8033595,73,829,197,112,48,134,410,1414
815594,140,2,6,22,8,14,26,1415
1164723,179,43,23,10,10,18,163,1416
19787465,986,497,302,77,231,632,1617,1417
1042284,133,22,18,6,4,24,39,1418
4146987,205,133,207,125,88,352,95,1419
939074,333,362,19,7,10,23,93,1420
1485801,219,154,28,73,27,80,103,1421
497489,15,35,8,4,1,25,27,1422
3846779,1560,13,16,12,5,39,766,1423
1058852,85,32,114,14,4,48,34,1424
1725064,151,67,41,18,23,8,113,1425
2679698,335,270,22,37,51,275,102,1426
1412688,51,8,30,15,8,78,116,1427
828203,462,49,69,22,14,93,26,1428
525297,33,12,10,3,2,29,82,1429
1489438,35,197,72,171,1,43,547,1430
1666552,230,45,78,18,45,19,202,1431
987709,48,38,8,1,6,21,8,1432
595537,11,87,13,6,12,28,82,1433
932561,497,97,23,5,7,10,48,1434
984382,176,108,4,4,1,46,10,1435
2533881,292,102,63,122,20,89,84,1436
10524043,2146,270,73,73,37,438,389,1437
1841716,123,29,6,13,2,96,61,1438
1229865,260,22,28,22,12,41,29,1439
1642461,138,228,20,24,19,17,114,1440
824898,161,7,3,17,7,35,31,1441
699088,119,24,25,12,13,23,30,1442
1555722,120,97,7,14,6,17,45,1443
1403668,226,41,34,40,26,34,57,1444
1193896,151,48,10,7,8,9,111,1445
2895821,200,507,24,18,13,280,258,1446
745252,146,14,41,20,8,10,84,1447
9006600,3013,261,116,71,38,380,211,1448
4191678,729,239,24,36,102,132,1614,1449
3773245,261,255,23,17,13,58,46,1450
3005687,707,291,29,10,6,215,717,1451
2460131,280,104,12,9,3,1,126,1452
5316753,2376,230,18,7,4,42,300,1453
4259204,487,1784,422,111,68,43,429,1454
1342510,328,78,7,12,19,157,123,1455
1939539,121,186,58,24,180,5,61,1456
1648677,39,35,34,13,6,92,215,1457
1058569,33,166,29,14,7,76,64,1458
1265177,96,4,17,56,30,22,46,1459
4564213,273,40,7,17,16,109,459,1460
9551344,17,123,133,34,37,345,1208,1461
796884,75,6,12,3,9,17,10,1462
1005088,105,16,11,5,5,5,16,1463
955827,20,38,12,7,14,49,57,1464
1539504,66,53,13,12,4,47,23,1465
2025005,274,43,126,16,13,289,43,1466
1342712,40,8,18,7,1,15,49,1467
274986,8,156,22,21,5,12,27,1468
1306390,186,21,42,38,31,19,162,1469
1683410,87,50,16,33,4,80,27,1470
1443340,487,158,12,28,14,30,238,1471
2449740,152,72,16,8,7,9,85,1472
1135004,181,267,3,21,15,43,267,1473
911601,58,21,18,63,9,15,43,1474
1118006,100,75,26,2,8,79,136,1475
5319077,783,203,66,26,16,90,825,1476
836699,208,95,49,3,9,59,35,1477
1203901,369,17,17,11,6,20,32,1478
1624716,182,200,8,32,14,123,38,1479
1188149,159,17,20,3,2,145,34,1480
1341106,316,90,8,19,14,38,38,1481
1303148,264,57,9,4,4,79,9,1482
7373875,114,122,36,5,10,16,28,1483
2162439,660,320,45,15,26,121,44,1484
1091988,184,20,31,26,39,3,185,1485
1200139,10,19,6,28,6,62,111,1486
195899,69,35,26,8,7,17,82,1487
814568,27,30,39,5,8,90,110,1488
4843480,182,41,54,69,19,300,139,1489
2735769,290,53,14,18,15,80,210,1490
1546610,291,93,23,42,15,153,243,1491
1593382,103,166,9,10,1,14,105,1492
1567528,26,78,72,25,30,39,94,1493
7469445,1640,230,12,26,23,114,458,1494
407419,75,30,7,12,2,6,3,1495
3062980,566,103,26,91,12,32,175,1496
2206204,104,66,30,4,55,45,44,1497
2592925,249,206,8,56,6,88,137,1498
1059278,6,40,8,16,7,24,59,1499
1188177,70,12,12,13,52,41,71,1500
1786965,97,212,45,9,9,43,54,1501
12039978,1380,464,181,65,148,47,866,1502
6657858,1434,419,385,14,72,559,3018,1503
8958850,3035,400,208,77,84,175,1221,1504
1114173,141,45,37,35,15,124,66,1505
1304597,33,53,29,9,13,5,8,1506
1319453,16,76,10,29,24,4,509,1507
2026001,144,239,61,117,23,54,55,1508
1533054,52,23,44,8,38,57,53,1509
2155416,280,192,3,4,1,33,316,1510
1467971,224,27,14,11,12,6,15,1511
1422767,75,167,4,7,4,32,19,1512
2715019,202,19,15,3,9,14,138,1513
934335,49,36,14,24,32,87,4,1514
1625776,772,534,158,15,51,82,97,1515
948509,170,9,26,10,7,27,52,1516
3158067,279,19,63,13,26,193,51,1517
4032150,337,175,181,45,61,456,937,1518
1089949,91,6,11,18,3,44,116,1519
1421509,168,17,7,35,6,23,14,1520
1164684,86,33,40,16,1,8,9,1521
948840,29,71,9,6,25,17,45,1522
2102608,61,201,10,11,27,20,252,1523
10281817,138,551,9,21,3,75,325,1524
741720,146,169,14,15,9,29,102,1525
1908577,34,4,16,5,2,28,37,1526
1492163,143,70,29,8,20,8,116,1527
1361404,75,18,38,21,11,35,24,1528
630822,91,18,8,1,4,7,9,1529
2140135,370,6,27,1,0,3,45,1530
1330614,31,32,11,3,3,3,296,1531
1608679,15,54,25,10,8,3,153,1532
1361374,336,28,57,71,54,101,128,1533
2459753,561,142,52,18,26,37,786,1534
1168185,43,48,6,17,1,11,11,1535
554360,69,12,1,1,9,1,15,1536
1351691,13,73,10,6,14,22,60,1537
2449736,698,223,20,59,61,55,103,1538
687669,158,28,5,10,1,10,12,1539
1772635,374,91,22,9,2,42,164,1540
5199008,27,3,3,5,2,52,48,1541
1570996,535,103,16,12,6,71,23,1542
1207550,224,76,10,3,8,164,188,1543
717979,11,72,25,9,25,16,39,1544
4538435,696,77,83,19,7,151,35,1545
1836106,575,52,40,134,17,93,322,1546
1022050,280,6,36,12,4,124,20,1547
1223155,53,26,7,17,5,9,138,1548
3035515,785,23,16,12,43,74,199,1549
1212774,140,20,27,12,16,24,44,1550
8688241,638,70,34,11,9,30,280,1551
1332731,153,41,47,12,26,60,270,1552
686914,98,5,12,10,21,10,37,1553
1100997,297,36,3,3,0,11,43,1554
1068469,164,39,14,3,10,44,25,1555
1655352,223,7,94,33,14,26,8,1556
1105500,69,12,10,14,20,20,76,1557
1062701,44,59,3,3,0,50,129,1558
959460,35,76,20,45,19,78,18,1559
790591,37,96,8,5,4,8,16,1560
2067955,197,207,9,36,10,19,88,1561
1423637,60,150,7,11,11,34,162,1562
1469884,177,173,30,14,17,166,77,1563
724180,93,28,6,10,2,46,129,1564
4058274,588,13,55,175,27,199,28,1565
1471722,259,19,10,2,4,11,44,1566
1537390,155,10,74,18,4,32,278,1567
1573440,196,60,6,2,4,34,52,1568
6504999,472,34,207,99,31,144,105,1569
1044961,166,70,17,9,20,19,24,1570
5182832,195,36,19,2,2,22,46,1571
2014461,100,124,11,50,10,14,117,1572
14566463,510,888,56,230,347,697,71,1573
1909640,162,64,38,27,24,189,204,1574
2682427,21,63,13,66,18,8,356,1575
887823,199,16,25,12,8,63,107,1576
780039,54,10,5,4,2,6,18,1577
682353,67,23,7,0,0,43,19,1578
1118305,30,55,7,4,2,8,43,1579
15283242,714,84,19,21,35,411,1660,1580
1397126,278,65,14,47,41,17,25,1581
2436104,21,225,29,19,10,54,589,1582
1085152,155,60,7,3,1,46,20,1583
1151214,200,396,41,10,7,11,59,1584
719821,153,35,68,20,9,58,45,1585
3338820,382,273,34,46,58,24,552,1586
1836382,154,19,52,46,10,25,50,1587
1469734,68,23,49,12,17,1,59,1588
2991225,37,55,54,33,12,118,59,1589
2954036,62,364,110,124,18,535,1455,1590
3665885,42,325,163,69,36,90,42,1591
1538661,90,108,33,17,25,58,43,1592
6298610,1717,104,94,80,43,153,580,1593
1789403,116,123,11,5,3,79,42,1594
1507409,171,75,15,26,4,48,18,1595
1573620,416,89,26,17,9,45,216,1596
1684720,127,57,59,13,3,89,33,1597
925046,172,49,11,2,4,40,41,1598
740772,17,37,5,4,9,6,52,1599
734171,275,40,8,10,16,2,98,1600
1000495,22,47,7,12,7,6,37,1601
1041732,12,243,15,9,21,310,92,1602
986726,29,32,25,7,7,12,45,1603
1463086,305,13,5,32,43,131,36,1604
1305155,20,97,16,10,42,74,44,1605
2663827,45,197,14,41,56,43,87,1606
1041748,44,41,3,7,10,17,21,1607
1204089,56,14,12,12,9,11,95,1608
2158038,204,48,109,63,73,109,27,1609
1644420,59,29,18,12,4,84,318,1610
999700,52,29,4,13,6,3,78,1611
816687,281,41,121,32,109,27,53,1612
618471,24,5,5,2,1,3,29,1613
1245695,111,83,52,36,17,63,83,1614
1108528,85,39,5,17,10,7,151,1615
2290464,38,23,44,15,33,93,159,1616
2225283,364,16,14,50,8,40,63,1617
1628594,180,97,19,16,5,26,67,1618
926295,82,9,18,3,5,50,186,1619
1535238,52,196,47,36,11,15,154,1620
4376218,796,194,115,17,34,451,234,1621
2060055,434,175,413,48,59,132,281,1622
970048,71,22,12,3,2,58,69,1623
1017789,151,33,6,2,2,67,10,1624
848735,119,30,1,4,4,24,28,1625
1154880,6,17,66,19,23,77,7,1626
599368,56,10,5,0,0,9,10,1627
692579,72,129,3,3,1,52,150,1628
1203523,114,56,13,5,3,27,112,1629
992489,37,148,22,3,2,16,9,1630
2030203,566,13,127,10,41,10,35,1631
923663,16,25,52,16,5,4,68,1632
2454860,270,96,37,25,56,107,274,1633
5893321,418,211,22,62,19,101,111,1634
921788,102,40,1,5,5,21,97,1635
1511694,219,6,33,7,9,3,31,1636
1822907,442,151,27,5,21,55,75,1637
1225960,77,18,2,3,10,18,64,1638
871452,202,5,11,31,8,37,30,1639
1585575,553,61,6,8,8,68,75,1640
900115,136,193,7,1,30,20,49,1641
666996,23,66,2,9,1,6,28,1642
2255033,239,250,127,46,33,163,664,1643
1430350,114,22,14,16,25,74,84,1644
826744,83,50,5,3,8,11,12,1645
1429564,68,60,7,12,12,9,63,1646
7265611,2227,171,30,30,142,282,1710,1647
954702,29,28,1,4,2,20,19,1648
3213217,578,111,87,40,21,131,96,1649
4548115,371,206,70,16,10,46,224,1650
1514912,113,106,5,9,5,144,16,1651
8879917,1107,580,22,14,9,97,180,1652
1233104,160,103,33,33,41,82,79,1653
904210,368,20,2,9,4,13,117,1654
4102503,128,42,352,65,70,48,206,1655
1187105,50,23,32,19,2,11,100,1656
1284510,229,11,10,14,3,47,58,1657
1531497,27,129,25,5,31,17,222,1658
1004872,257,154,11,6,4,17,101,1659
2133100,23,31,38,8,12,15,92,1660
1149641,125,18,4,21,59,53,25,1661
2931366,327,123,44,1,21,24,388,1662
1852444,25,29,94,114,37,155,80,1663
1095582,18,9,10,11,34,14,22,1664
3170206,1368,241,162,85,101,953,991,1665
2296874,27,381,55,40,13,50,348,1666
1072727,223,338,20,45,6,25,16,1667
877932,359,122,15,13,5,43,25,1668
917406,66,63,79,44,24,42,158,1669
965291,61,23,6,23,2,43,71,1670
1458485,41,74,79,42,7,9,68,1671
1034678,30,41,11,14,9,38,88,1672
836011,8,52,9,10,11,14,84,1673
691538,93,27,21,15,8,60,51,1674
1977165,266,453,29,48,32,105,164,1675
1063414,46,164,24,4,8,28,158,1676
871453,66,35,6,26,6,10,20,1677
1227480,341,43,38,10,42,38,189,1678
970911,35,24,18,18,10,4,13,1679
853612,236,96,17,5,8,1,26,1680
3840850,527,646,177,72,26,250,472,1681
1185518,19,12,8,61,5,22,8,1682
3685420,193,98,42,21,14,199,160,1683
1981978,226,246,87,101,28,28,798,1684
2628178,491,316,56,16,32,38,99,1685
1022945,352,6,88,6,4,94,8,1686
849933,59,45,10,20,20,13,94,1687
756974,102,46,13,15,18,69,68,1688
1304017,27,366,27,22,34,105,82,1689
1210381,86,198,26,13,20,127,107,1690
931677,139,207,33,5,9,12,77,1691
1395038,100,18,59,48,58,10,19,1692
822505,85,40,11,4,14,54,7,1693
795097,10,54,33,9,6,31,19,1694
1797519,749,113,15,9,18,152,58,1695
1256969,405,36,31,17,28,49,64,1696
1424893,208,298,31,20,24,33,127,1697
1474261,166,111,19,46,31,66,265,1698
2379244,40,30,45,24,18,51,142,1699
991359,27,190,33,38,37,51,248,1700
734861,171,220,19,3,14,48,37,1701
4040280,446,80,75,31,21,30,285,1702
4790701,489,804,137,19,13,57,184,1703
760225,207,200,31,12,10,17,20,1704
1191342,103,75,21,14,12,61,80,1705
2293465,87,89,47,46,34,17,39,1706
2124521,239,70,75,14,19,16,212,1707
1028312,106,90,31,27,32,9,64,1708
1624605,455,106,5,16,10,155,965,1709
885494,64,159,14,38,8,20,72,1710
7520736,775,705,121,14,10,129,789,1711
3133189,683,16,23,31,17,125,81,1712
741146,29,53,28,3,23,179,28,1713
1736329,88,160,17,28,40,66,801,1714
3130752,251,173,12,64,18,45,54,1715
2012614,273,73,46,22,120,19,340,1716
1095806,191,32,10,4,11,42,106,1717
1061964,372,31,18,5,5,57,243,1718
2004811,1011,107,20,109,35,42,226,1719
7015800,704,52,97,20,9,35,201,1720
742510,169,57,6,1,3,31,89,1721
1048304,12,18,16,24,7,44,9,1722
2306549,201,59,49,35,9,356,829,1723
1901605,610,15,245,297,104,276,179,1724
1248568,91,117,16,14,6,15,25,1725
1276015,37,45,14,8,2,61,235,1726
1112914,15,21,9,8,8,59,84,1727
2293317,637,16,18,8,75,167,161,1728
1038727,228,8,34,41,19,19,75,1729
2572038,321,14,27,30,21,107,27,1730
1033475,33,45,19,60,3,22,141,1731
3643938,311,408,47,11,35,232,251,1732
2305547,39,203,38,14,12,106,26,1733
2824676,109,293,61,24,3,116,403,1734
1051614,94,71,4,2,7,22,56,1735
1150409,59,244,17,1,27,16,113,1736
1506064,121,32,82,48,60,43,101,1737
2200326,475,26,17,32,39,22,137,1738
1785193,123,67,14,29,23,49,182,1739
991694,190,29,9,4,3,16,15,1740
2558702,430,60,14,20,47,172,156,1741
3061003,158,53,42,129,14,238,279,1742
1509188,170,74,17,14,11,33,68,1743
1378298,322,7,20,16,8,79,72,1744
2500023,94,362,7,27,12,85,392,1745
1189824,93,32,41,17,9,14,10,1746
1827375,29,548,17,39,24,482,50,1747
6803938,789,1293,24,190,50,45,1734,1748
1182977,88,14,7,8,17,22,27,1749
4801456,84,221,85,53,38,111,115,1750
1194762,112,99,20,36,23,131,86,1751
936480,24,50,13,9,5,14,58,1752
2375405,305,357,14,16,9,45,21,1753
1101811,167,64,13,17,6,39,104,1754
1454663,156,92,33,8,10,123,9,1755
959404,97,13,5,8,3,14,24,1756
1934877,262,38,16,18,13,33,67,1757
1971157,63,222,27,10,31,23,399,1758
3399887,825,200,45,16,58,149,555,1759
1117996,67,49,43,32,11,27,91,1760
1229640,74,23,29,2,4,2,150,1761
698636,62,9,15,11,3,67,9,1762
2494615,432,300,318,12,15,48,14,1763
2120292,604,434,110,30,12,27,75,1764
1032390,30,108,4,19,9,22,367,1765
1013296,107,120,60,51,9,10,111,1766
1107747,34,47,13,10,11,49,4,1767
1569284,133,38,65,75,5,79,169,1768
1631913,361,78,13,8,20,14,53,1769
4933802,2867,1050,446,101,55,463,267,1770
3916554,234,219,437,126,229,504,444,1771
1545239,360,98,36,6,5,80,15,1772
1439616,192,164,7,4,6,24,58,1773
1463585,113,87,25,8,8,45,37,1774
1091065,258,36,44,11,58,20,143,1775
1172298,211,11,8,5,7,48,95,1776
21594632,1801,650,152,153,43,270,735,1777
1017778,193,52,17,52,6,29,82,1778
967667,38,4,17,9,2,17,10,1779
4548276,6390,63,377,328,398,49,86,1780
1073549,170,42,58,35,23,221,79,1781
2235902,254,25,20,40,11,20,27,1782
2053453,354,87,21,75,25,125,195,1783
1877673,111,42,67,25,31,43,70,1784
1445859,257,277,55,57,40,28,18,1785
1429067,106,45,9,13,13,55,163,1786
1641675,87,58,50,56,102,191,156,1787
2162764,180,861,142,83,16,22,252,1788
1332920,83,50,15,3,9,18,41,1789
833015,57,16,12,13,12,14,6,1790
946949,61,15,29,11,5,36,71,1791
4058219,678,154,80,58,72,65,68,1792
4962607,241,77,15,9,8,22,90,1793
1576773,259,200,46,64,36,91,138,1794
1180236,81,12,5,3,3,21,18,1795
837568,43,38,8,0,0,18,13,1796
1669149,242,50,25,10,3,43,159,1797
1345444,69,18,30,10,24,190,59,1798
1623637,194,772,65,8,14,820,1043,1799
812963,228,50,1,6,4,41,123,1800
1798578,136,57,33,64,20,63,355,1801
3804535,367,231,48,197,195,149,592,1802
1054600,14,29,23,18,6,38,44,1803
668555,75,59,9,4,4,21,59,1804
1260362,44,84,10,6,13,57,57,1805
1370965,30,344,8,12,21,30,158,1806
1000194,56,60,7,11,9,5,14,1807
1219295,133,150,68,29,11,13,137,1808
554809,45,54,13,5,8,13,24,1809
884313,142,57,13,10,5,7,38,1810
1198332,25,13,143,6,4,38,101,1811
1492005,42,87,146,37,16,80,160,1812
2890269,232,109,136,72,77,311,438,1813
3247638,639,1154,12,21,74,175,79,1814
1111146,245,128,12,7,3,33,33,1815
877106,47,32,26,6,4,40,75,1816
4619628,109,456,44,17,29,167,20,1817
862238,134,15,13,2,2,43,37,1818
3673455,381,80,26,21,71,468,245,1819
1464877,181,100,74,18,21,26,64,1820
1399303,74,83,1,4,1,7,42,1821
1223720,199,7,9,8,2,34,21,1822
1623955,34,49,8,52,6,63,545,1823
2526255,423,479,29,47,21,126,26,1824
984973,114,57,6,3,14,23,13,1825
773801,230,200,17,11,1,205,51,1826
1305783,126,30,38,8,21,12,34,1827
1292110,515,48,51,16,30,43,7,1828
1940683,362,134,72,10,17,47,393,1829
1600522,176,84,29,27,18,32,300,1830
742106,149,38,1,8,1,22,39,1831
3404977,898,150,178,27,17,58,304,1832
772907,26,41,97,72,6,220,130,1833
1082869,133,67,3,12,16,38,83,1834
903111,39,45,18,8,1,2,41,1835
1349623,53,21,56,13,22,34,62,1836
3590381,48,192,58,29,20,66,499,1837
1213718,165,44,24,15,12,172,16,1838
1281466,29,20,16,9,11,57,7,1839
1942778,770,395,62,37,29,198,75,1840
3705589,32,194,7,22,8,431,147,1841
1015320,290,183,12,11,10,52,53,1842
1213251,86,48,18,6,2,61,282,1843
1119970,231,12,5,6,18,99,15,1844
1112534,88,37,6,20,6,16,10,1845
1209472,131,37,28,41,33,34,147,1846
1239635,410,28,3,9,9,98,85,1847
1218131,73,46,16,5,7,34,83,1848
1215053,183,28,22,11,6,97,37,1849
1435886,75,199,11,10,25,22,141,1850
975953,302,153,6,19,7,129,90,1851
1222713,79,41,27,5,2,4,75,1852
1439341,49,30,21,9,6,12,8,1853
970703,326,178,20,9,4,66,40,1854
1358570,206,20,34,21,32,60,60,1855
735649,77,22,11,10,3,5,121,1856
952385,59,14,15,8,8,6,113,1857
2230481,152,115,31,49,8,46,177,1858
1652993,274,83,58,15,6,16,122,1859
1660815,198,117,3,1,3,25,65,1860
956731,13,13,12,5,14,11,52,1861
1132771,234,13,55,39,35,13,376,1862
1593079,40,832,36,40,80,80,476,1863
1685861,733,70,49,123,28,71,547,1864
1019109,22,16,39,83,27,21,49,1865
2120569,176,98,53,14,19,16,208,1866
1701743,390,380,6,6,7,38,305,1867
1003222,69,11,9,7,2,24,50,1868
1682547,68,192,8,4,2,35,38,1869
2226171,469,269,40,87,21,15,46,1870
1454878,9,20,20,26,10,187,160,1871
3143653,257,300,39,55,35,31,208,1872
2649262,142,361,15,15,18,62,207,1873
1104834,101,44,19,34,29,58,23,1874
1051196,233,44,4,5,3,21,29,1875
1568869,186,28,110,14,23,174,11,1876
1469248,140,29,25,11,16,98,127,1877
817014,50,89,26,6,5,57,105,1878
755399,126,95,15,7,6,7,46,1879
695961,15,33,24,4,13,24,44,1880
2065196,405,164,39,23,10,78,377,1881
1824724,173,180,17,16,6,125,56,1882
1307615,186,31,21,4,6,3,81,1883
1569991,649,212,93,47,31,31,57,1884
2183690,163,144,14,27,17,60,191,1885
6569493,847,105,87,74,39,344,117,1886
1278162,23,153,37,27,10,14,43,1887
966645,99,13,4,1,16,65,244,1888
1545629,225,10,78,20,9,11,102,1889
1948196,922,8,18,195,3,17,605,1890
1266639,17,9,101,21,4,143,53,1891
2084303,198,20,87,10,2,154,8,1892
1301734,116,53,17,11,16,83,89,1893
712971,10,57,1,6,0,39,20,1894
877692,24,6,27,11,6,29,15,1895
1601624,409,413,16,36,6,36,32,1896
972816,236,18,2,80,8,69,22,1897
906025,135,20,41,8,2,231,10,1898
687808,118,62,1,6,14,16,3,1899
1818659,12,228,59,37,5,44,197,1900
1465712,168,27,14,3,5,14,48,1901
976621,121,38,1,2,7,16,54,1902
2647157,75,169,73,39,10,16,137,1903
1304427,484,127,21,15,17,48,241,1904
753002,28,150,30,7,37,64,161,1905
1081502,164,6,69,35,8,98,8,1906
1356917,247,59,87,37,79,33,39,1907
1120694,138,19,23,19,23,31,202,1908
859214,16,8,23,3,5,22,4,1909
2446992,270,191,11,97,19,50,109,1910
2482234,169,490,31,33,42,140,18,1911
1159937,207,41,6,8,8,22,78,1912
1068305,180,228,36,7,10,66,63,1913
2610440,579,18,181,195,252,358,19,1914
1559585,220,43,19,5,14,90,141,1915
4340117,201,218,44,38,39,34,285,1916
4984884,1530,35,316,325,129,1406,12,1917
3104326,1343,865,47,25,20,908,498,1918
818556,60,5,4,4,13,58,156,1919
1096201,109,16,17,4,21,23,70,1920
1237938,149,39,4,6,7,51,154,1921
1566854,167,8,17,5,8,156,41,1922
1149837,123,16,31,4,5,28,75,1923
658478,9,24,150,3,15,76,25,1924
999472,85,76,11,8,13,3,94,1925
1981129,105,103,319,22,19,186,88,1926
741287,60,5,3,3,7,11,33,1927
1243218,399,79,67,17,1,215,87,1928
1369263,403,97,2,11,8,7,189,1929
1571516,12,33,13,7,71,223,51,1930
1135382,78,16,31,10,4,21,54,1931
955623,4,106,21,68,7,86,50,1932
2780484,700,210,115,25,36,44,48,1933
1378025,80,33,12,8,11,133,31,1934
1550060,29,227,28,22,13,317,58,1935
2009552,204,33,32,9,58,7,192,1936
1161560,471,89,12,26,3,3,136,1937
1290746,20,67,173,8,20,46,27,1938
1738331,85,18,16,47,67,38,586,1939
2498698,468,290,4,4,11,19,20,1940
11443190,311,1919,284,584,202,143,5126,1941
2005189,429,11,42,17,41,23,465,1942
1287111,740,317,25,11,48,30,63,1943
1839891,49,202,26,5,16,59,130,1944
1024661,13,563,17,11,4,112,117,1945
1919991,144,94,56,5,5,13,385,1946
1231198,198,98,9,7,15,43,23,1947
1157388,106,40,2,12,4,19,66,1948
1543588,112,31,11,40,26,81,33,1949
1342431,150,14,8,4,3,7,27,1950
2239259,66,46,33,34,32,17,11,1951
4728000,521,40,439,158,27,546,127,1952
1610293,701,318,28,4,2,96,16,1953
1703367,61,199,113,8,13,39,16,1954
1083424,264,28,21,2,6,8,142,1955
1003314,24,27,11,5,3,28,9,1956
1189513,102,122,10,20,6,16,52,1957
4160772,716,677,79,101,36,16,281,1958
1762082,363,42,97,31,20,8,106,1959
1131041,49,86,5,9,5,7,25,1960
1674355,701,215,45,13,7,41,774,1961
1143028,31,27,16,11,8,18,139,1962
1492275,176,62,23,6,1,101,140,1963
1908266,947,137,46,66,17,34,222,1964
931845,117,31,4,4,1,11,17,1965
2832581,63,129,96,114,45,369,13,1966
4614317,514,444,16,20,7,111,1187,1967
2782822,389,133,110,10,10,19,171,1968
1528815,27,24,99,9,34,326,90,1969
1512972,48,160,44,37,15,19,177,1970
1386424,389,210,6,17,4,39,16,1971
1257079,221,35,11,31,21,25,37,1972
1225763,238,27,12,5,1,36,166,1973
1160841,153,233,1,7,13,3,255,1974
2206061,58,90,9,11,5,17,100,1975
3351267,482,71,21,6,7,293,12,1976
4597270,315,141,34,19,26,13,138,1977
1310078,64,71,13,9,41,10,50,1978
1304737,62,15,15,10,4,9,97,1979
1373382,212,83,9,11,16,71,17,1980
1028548,202,45,59,12,12,161,28,1981
8218896,1760,877,141,40,21,359,426,1982
1773697,51,140,12,13,22,14,381,1983
1049652,124,284,26,1,19,198,697,1984
1863929,328,59,50,82,55,279,84,1985
1365646,66,11,26,16,28,52,21,1986
1339843,302,382,35,10,9,37,67,1987
3811316,102,223,42,10,27,11,201,1988
1617977,313,74,68,42,6,23,148,1989
2006050,597,62,8,15,181,34,146,1990
1252289,63,96,13,2,14,39,20,1991
1617292,386,179,16,42,9,231,31,1992
3460338,326,398,15,33,28,15,108,1993
1531675,158,46,29,27,16,85,106,1994
2471075,510,75,65,173,198,112,77,1995
1175629,388,87,21,6,15,46,19,1996
1407692,33,59,100,20,9,32,40,1997
2362727,1588,508,20,6,60,197,483,1998
1476377,37,67,75,22,7,78,299,1999
1165313,9,21,57,10,11,83,25,2000
2155099,6,20,2,9,10,53,84,2001
1453205,226,116,13,31,18,31,44,2002
1711049,190,191,26,18,7,53,148,2003
1532875,70,37,82,124,8,436,54,2004
2042978,182,161,61,16,1,18,105,2005
1566602,115,239,40,31,4,18,214,2006
1388335,556,102,9,6,19,16,96,2007
1531606,105,38,12,9,14,48,188,2008
1139487,85,31,19,22,5,14,34,2009
1905680,82,58,77,9,22,7,44,2010
1241223,126,4,20,8,3,16,43,2011
7841509,3734,1112,488,21,497,106,1849,2012
1458290,368,240,41,15,15,17,77,2013
1591696,267,64,25,9,9,61,40,2014
1588477,251,43,19,24,13,135,90,2015
1780746,236,22,15,12,10,86,43,2016
1126129,98,23,3,5,9,35,15,2017
1441565,63,187,19,22,26,6,97,2018
2603397,341,48,5,16,7,35,33,2019
2312512,700,98,21,21,51,185,27,2020
3361105,341,794,109,32,54,214,627,2021
1398751,385,83,17,16,15,29,111,2022
2556755,530,153,176,120,29,105,187,2023
1947342,311,31,248,23,129,58,90,2024
1999097,241,22,18,91,39,67,92,2025
829988,20,39,7,22,19,9,24,2026
1203056,64,26,16,3,1,14,44,2027
1591495,407,24,6,14,8,3,213,2028
1710873,4,208,24,56,17,181,284,2029
1488893,24,88,6,11,5,24,124,2030
1266485,127,94,16,23,9,36,55,2031
1671043,37,36,14,7,26,169,96,2032
1503884,63,91,28,21,7,59,137,2033
990084,73,21,1,5,10,3,9,2034
983682,14,31,13,8,9,7,64,2035
1852632,135,358,288,26,31,72,196,2036
1272185,43,24,8,4,1,9,18,2037
1272389,294,38,8,10,6,12,70,2038
2061368,39,170,48,20,3,115,73,2039
1705702,17,18,10,43,10,13,193,2040
1437261,185,57,6,11,9,19,108,2041
2527133,73,218,18,67,38,51,135,2042
6214152,29,409,131,29,24,96,74,2043
947562,29,22,1,7,1,7,20,2044
1215662,21,16,96,26,19,162,75,2045
1612561,196,13,34,9,14,157,57,2046
1447861,438,391,70,38,6,98,156,2047
3098476,94,255,71,41,24,87,319,2048
4811180,127,82,99,258,82,302,173,2049
1371548,32,100,5,5,2,71,716,2050
1108371,194,8,31,19,19,18,31,2051
1126459,196,23,52,12,18,32,118,2052
1004539,109,15,5,1,14,9,26,2053
1506693,70,31,9,4,3,70,109,2054
2141928,26,504,114,32,30,388,66,2055
1155507,337,12,3,5,9,18,188,2056
2094497,254,19,3,9,0,4,367,2057
4456309,704,65,531,277,196,932,34,2058
1158020,69,20,44,51,16,19,20,2059
1294952,76,79,11,14,11,23,174,2060
1607427,266,17,29,21,10,20,209,2061
4615013,413,48,134,19,27,176,90,2062
1034518,30,6,14,11,6,3,5,2063
1141254,40,117,43,30,16,3,84,2064
1349253,244,45,7,4,8,43,151,2065
1414721,7,179,66,38,34,151,9,2066
1220746,77,40,1,10,7,8,82,2067
996127,26,64,8,10,9,24,85,2068
2507956,215,37,21,13,20,106,40,2069
1936760,583,52,5,15,15,453,18,2070
1613847,68,111,26,17,16,46,89,2071
1418492,162,24,12,11,19,41,68,2072
684300,185,16,14,29,43,11,30,2073
1625784,64,36,7,9,7,44,116,2074
1242903,17,69,21,6,0,7,207,2075
958480,84,15,12,5,16,10,42,2076
9163813,1175,365,109,76,64,115,290,2077
780116,88,153,24,5,0,62,122,2078
1502400,160,28,67,19,7,17,220,2079
1296514,239,171,23,4,7,93,59,2080
1879260,323,39,66,9,13,4,11,2081
1365169,64,44,9,9,16,16,13,2082
1609136,199,12,5,5,8,20,42,2083
1396735,147,46,20,20,19,51,41,2084
1452861,116,22,50,43,7,50,232,2085
762041,49,11,17,30,5,20,25,2086
1799799,96,31,54,8,15,45,31,2087
1202223,81,28,27,6,8,7,38,2088
1054718,75,8,5,24,10,32,65,2089
1976994,43,744,95,56,23,110,18,2090
3436514,461,50,17,22,13,28,66,2091
1446267,178,5,66,18,26,71,11,2092
3185521,135,297,15,19,49,168,96,2093
1626686,185,15,34,8,38,27,30,2094
729236,29,78,0,0,0,5,12,2095
1392660,180,29,7,4,15,37,58,2096
1201029,89,76,34,9,2,6,26,2097
857839,78,9,6,5,11,7,84,2098
1049263,20,15,19,28,7,10,36,2099
1582286,27,116,30,13,11,99,175,2100
1690995,100,19,23,7,8,7,4,2101
2852664,86,52,10,9,17,43,106,2102
1488694,159,22,2,3,22,27,9,2103
2004123,370,292,35,39,75,46,347,2104
1453242,12,18,24,12,6,16,69,2105
2269844,57,64,25,18,12,22,51,2106
1117165,39,28,33,10,8,12,4,2107
1254964,68,52,31,17,14,76,14,2108
1446673,191,105,24,27,14,16,50,2109
16601927,2868,368,31,25,140,259,217,2110
2291444,389,26,57,42,11,70,23,2111
1468497,48,114,21,35,8,15,97,2112
1526242,156,34,11,8,30,26,34,2113
1013976,9,10,9,26,4,1,10,2114
20475972,401,143,60,417,91,45,240,2115
2435682,82,300,25,18,11,78,116,2116
982439,31,18,6,20,6,35,92,2117
1286663,191,7,37,7,19,10,43,2118
2079266,36,9,40,12,44,32,174,2119
1468644,138,18,12,11,17,50,93,2120
1332162,92,55,6,41,6,8,86,2121
764500,133,44,17,41,23,16,17,2122
1716203,186,7,4,4,1,27,118,2123
1477852,152,10,18,45,38,35,21,2124
2269380,644,353,31,25,39,108,128,2125
1853424,87,74,11,9,10,17,4,2126
1059854,30,117,9,7,9,72,38,2127
1805637,31,34,14,2,7,16,120,2128
1219306,69,61,37,33,14,81,127,2129
1617536,501,190,89,66,63,31,27,2130
1198546,20,67,90,5,32,58,413,2131
8107178,1209,126,48,36,51,241,55,2132
1169214,105,5,4,1,0,6,29,2133
1074684,108,4,30,1,6,8,2,2134
1440785,35,16,74,18,22,35,135,2135
1406128,209,205,20,11,5,27,186,2136
761052,20,30,4,12,1,11,42,2137
1184159,150,6,12,13,10,8,13,2138
1008812,52,45,20,9,18,47,40,2139
2152900,117,35,1,4,59,12,44,2140
8444981,1754,1704,200,115,35,199,30,2141
3148366,127,64,359,95,101,300,43,2142
2233265,472,20,28,40,34,91,83,2143
2560359,278,26,9,26,16,8,318,2144
1624248,17,22,50,34,12,34,496,2145
2520181,647,358,129,58,22,70,77,2146
1677370,22,32,6,3,7,30,156,2147
1072558,14,82,14,6,5,66,10,2148
1546530,374,27,177,26,39,77,77,2149
901880,128,74,7,8,4,44,5,2150
1260939,78,19,4,9,5,19,43,2151
1587090,123,33,11,36,8,7,42,2152
823110,250,79,15,8,61,18,59,2153
1587546,190,53,13,14,21,31,66,2154
3325490,425,24,79,70,12,79,373,2155
1589527,38,33,104,7,17,68,232,2156
1487112,9,45,9,4,14,1,8,2157
854226,171,22,11,1,2,4,22,2158
1954438,221,99,27,9,9,375,59,2159
1399811,102,50,89,38,102,201,83,2160
2019969,135,144,18,17,22,42,100,2161
14745406,7445,1864,65,53,43,326,4387,2162
1224191,162,129,19,21,8,40,6,2163
1132964,39,60,29,23,16,19,82,2164
1575381,185,54,18,25,11,53,108,2165
1723874,1159,202,18,7,19,1,112,2166
1546664,143,23,6,34,20,23,7,2167
2272081,519,56,18,21,9,27,87,2168
992773,52,54,3,10,0,29,45,2169
2224913,148,66,35,9,19,51,270,2170
1961502,97,86,8,9,64,15,120,2171
1096198,1298,13,9,159,11,15,597,2172
1468353,59,189,49,37,12,67,51,2173
1743987,7,8,46,18,14,76,16,2174
6484404,314,343,34,40,73,23,690,2175
961158,46,46,27,11,9,18,45,2176
902761,97,50,22,17,17,36,52,2177
2617414,584,134,15,6,16,48,120,2178
2841795,52,50,39,18,42,21,43,2179
1015683,74,38,28,20,10,72,12,2180
2399273,363,107,54,4,30,119,129,2181
1360404,213,32,31,21,29,25,279,2182
1419325,68,46,29,36,14,264,11,2183
1417316,186,19,8,2,4,15,26,2184
2300106,117,16,18,16,11,81,83,2185
1060918,9,24,3,8,4,31,156,2186
1031398,85,23,37,3,3,66,167,2187
2952041,539,111,14,18,33,25,95,2188
1531062,197,14,19,9,19,42,11,2189
1973225,299,172,36,16,5,51,40,2190
1428083,60,21,6,8,4,86,81,2191
1426970,54,366,27,7,4,65,12,2192
1437353,308,90,7,7,11,18,53,2193
1222519,92,16,7,2,3,14,111,2194
961423,259,30,28,22,17,6,54,2195
1184083,23,30,14,5,6,36,93,2196
1503016,58,178,34,8,6,44,52,2197
1431262,162,39,8,4,3,61,12,2198
914011,29,19,4,7,7,12,94,2199
1836233,37,39,22,59,24,11,131,2200
876021,205,66,40,11,8,19,42,2201
1132257,293,170,20,2,10,53,56,2202
1498103,311,85,32,44,5,38,211,2203
1800490,144,20,30,45,25,77,148,2204
987388,54,22,28,4,65,65,10,2205
766188,173,26,14,6,13,32,172,2206
6406853,1018,733,26,12,9,3,205,2207
1183075,102,43,19,3,3,18,13,2208
768077,132,18,10,3,33,6,235,2209
1811102,59,52,23,17,12,87,75,2210
1258881,27,76,13,8,16,21,60,2211
2190919,57,105,18,64,44,56,82,2212
2275945,602,66,45,2,46,103,107,2213
1078782,327,12,13,34,5,7,78,2214
993232,58,10,4,6,7,4,19,2215
3016666,14,14,33,33,5,80,35,2216
929167,20,87,20,8,3,13,38,2217
1049990,172,26,29,4,12,28,60,2218
1025698,29,59,6,13,7,8,56,2219
1588740,56,109,13,23,9,30,35,2220
1624428,177,104,34,65,59,24,77,2221
923916,168,109,14,15,7,7,125,2222
2028383,339,62,83,29,17,62,136,2223
1116194,51,8,37,61,40,7,75,2224
1225718,520,71,138,89,32,110,59,2225
1173235,68,23,5,25,136,2,159,2226
878864,198,34,4,2,16,23,54,2227
1191591,133,125,28,6,19,22,30,2228
811599,128,20,4,8,8,2,30,2229
1434311,33,360,20,85,18,272,221,2230
813426,47,3,109,5,14,88,47,2231
809398,42,14,23,3,5,53,5,2232
1246214,268,15,26,21,17,58,87,2233
4235594,1228,1274,32,149,17,78,1696,2234
1396369,4,48,25,7,14,54,49,2235
803813,83,13,2,23,4,10,67,2236
1413042,160,3,11,5,6,21,136,2237
3210972,709,302,199,34,57,15,239,2238
971212,249,37,6,2,6,26,130,2239
1538107,23,68,15,11,9,36,58,2240
888896,235,24,25,22,16,5,52,2241
2432449,709,119,245,30,72,234,53,2242
1370547,565,153,3,6,51,16,54,2243
1162751,118,1,12,13,3,52,61,2244
1827512,239,39,59,49,15,20,138,2245
1475291,314,61,18,9,26,11,95,2246
990075,43,46,21,12,10,5,151,2247
1320671,310,52,70,7,9,48,124,2248
1730653,50,111,4,2,4,85,330,2249
1258539,172,23,14,48,4,34,4,2250
821291,282,39,4,5,1,47,18,2251
997650,51,78,13,2,2,17,4,2252
1260112,163,30,16,9,11,30,214,2253
2396450,869,173,12,30,18,301,342,2254
1929261,43,3,9,38,29,25,122,2255
1677142,281,56,12,16,23,6,36,2256
1507057,178,88,30,7,8,36,7,2257
778960,95,12,4,3,5,27,132,2258
1311426,54,10,40,3,41,10,137,2259
1018830,153,64,38,7,2,11,248,2260
1465749,123,31,19,17,39,3,56,2261
1027539,10,140,22,24,28,35,16,2262
961913,140,64,37,39,13,28,25,2263
443773,68,21,3,2,4,3,14,2264
1548845,283,158,24,13,34,26,52,2265
1279825,356,209,2,25,9,7,102,2266
645572,55,30,1,3,1,18,17,2267
2110218,44,60,56,6,10,28,153,2268
1257468,23,14,2,5,26,187,23,2269
811955,24,101,6,15,9,3,20,2270
1026017,827,446,245,202,3,20,126,2271
2618738,866,334,20,39,26,65,335,2272
942925,150,19,13,7,7,45,22,2273
5711833,566,56,57,7,5,82,218,2274
2201195,425,740,14,34,40,87,196,2275
1404984,145,21,44,69,8,17,52,2276
1195181,20,23,18,54,72,247,122,2277
1226441,235,3,28,1,2,52,43,2278
1799860,60,249,89,49,11,170,43,2279
2603203,443,483,50,78,23,19,619,2280
1185114,488,29,7,32,20,16,43,2281
1162011,100,173,1,3,18,135,133,2282
1690453,313,36,4,50,6,42,4,2283
793098,47,6,12,7,4,20,15,2284
1713788,92,36,29,35,13,16,9,2285
1029397,97,90,7,6,6,1,24,2286
1052018,7,28,9,26,2,31,111,2287
1053126,117,17,9,5,7,24,4,2288
1077686,211,52,19,2,12,7,7,2289
778810,191,5,21,18,14,44,82,2290
1211098,336,6,21,39,39,24,221,2291
2592561,516,523,58,10,16,64,109,2292
1593458,51,79,22,77,92,31,208,2293
1400803,156,7,17,38,6,65,10,2294
783649,46,26,14,7,11,8,64,2295
985203,17,33,4,7,4,35,24,2296
2561564,217,10,23,78,7,1093,853,2297
792297,14,26,3,24,20,32,51,2298
2173228,514,377,148,11,18,46,138,2299
1024139,289,12,16,1,7,31,95,2300
1477238,53,30,27,13,6,59,95,2301
827933,2,184,6,1,5,24,112,2302
1811178,231,5,50,51,24,62,312,2303
571009,57,23,60,5,35,62,13,2304
1307557,221,39,10,18,8,24,31,2305
1134472,35,24,9,2,3,13,129,2306
1194781,396,49,51,49,6,43,239,2307
1805897,431,9,21,11,5,22,35,2308
859817,25,5,5,10,10,6,27,2309
2859109,271,108,35,42,18,72,60,2310
851675,47,12,24,10,17,41,142,2311
1134525,43,23,37,4,22,8,33,2312
1236485,22,4,48,4,1,102,91,2313
820295,49,11,1,6,4,1,3,2314
1594248,441,118,119,40,147,51,109,2315
1307805,186,36,68,77,25,46,35,2316
1181475,319,48,21,24,35,27,92,2317
951340,73,12,6,12,1,4,106,2318
1385538,369,17,77,5,17,9,133,2319
738590,9,20,13,9,6,10,2,2320
877915,65,63,7,6,6,77,86,2321
1177013,67,108,10,77,17,34,31,2322
1515162,234,29,10,18,33,14,34,2323
1047389,70,22,6,4,6,30,116,2324
990521,82,22,8,6,5,68,19,2325
857330,51,144,17,8,16,4,159,2326
1985742,479,112,5,39,15,53,203,2327
1122671,98,27,57,3,5,152,165,2328
1158432,199,104,3,10,13,25,28,2329
1910593,874,411,21,26,6,134,399,2330
799891,47,46,23,16,12,47,15,2331
2595890,696,542,17,15,24,67,225,2332
3225186,150,56,175,50,60,34,338,2333
1070583,87,19,18,12,10,15,44,2334
782276,148,93,15,26,12,7,12,2335
1384978,51,181,16,4,17,41,73,2336
825412,28,39,19,9,8,29,6,2337
1381604,134,6,75,31,16,101,18,2338
1172873,248,14,28,4,23,8,65,2339
962489,186,54,8,21,13,27,100,2340
3464767,767,1417,7,7,11,430,280,2341
1290086,149,43,8,5,12,53,70,2342
1026629,62,3,1,8,5,43,35,2343
888652,49,80,5,7,5,23,105,2344
1389133,126,17,21,27,19,23,329,2345
1173589,155,124,22,12,9,26,39,2346
1005451,149,16,21,14,16,42,32,2347
4864165,664,305,210,70,25,1361,355,2348
1232506,23,247,6,27,13,75,234,2349
1119309,230,25,54,7,19,32,25,2350
975597,26,52,21,7,19,54,68,2351
1219102,35,82,45,20,18,107,296,2352
1430257,291,43,9,4,32,64,53,2353
3535736,698,296,29,19,23,52,612,2354
899560,13,50,14,8,9,27,22,2355
1345520,256,30,7,5,2,37,64,2356
1614524,277,22,92,80,22,32,269,2357
1802516,97,215,7,14,31,62,177,2358
1284067,146,20,17,59,4,21,32,2359
992523,57,40,9,18,4,31,27,2360
1059199,187,43,17,1,3,10,70,2361
1147037,192,123,25,7,60,201,9,2362
1406574,131,266,5,8,10,21,126,2363
1422701,594,332,235,27,49,756,124,2364
827288,133,10,17,18,43,49,16,2365
1243853,72,70,11,6,83,50,414,2366
1082248,42,24,29,11,4,15,40,2367
1035995,162,35,33,89,9,9,22,2368
1304221,117,36,7,8,2,9,8,2369
1195885,97,24,12,2,2,11,142,2370
958917,6,68,3,1,5,36,27,2371
799873,9,24,17,1,3,22,50,2372
1369939,108,35,5,15,9,97,163,2373
2031509,1910,470,68,27,26,3,916,2374
2359347,25,131,14,35,6,112,415,2375
1374091,23,95,32,9,5,6,10,2376
2759051,529,82,23,12,5,30,241,2377
3950921,203,143,36,17,96,58,101,2378
893022,184,41,5,2,5,15,41,2379
1354647,84,11,4,1,0,31,121,2380
896491,96,23,14,7,1,38,15,2381
793925,25,37,20,20,22,15,6,2382
1138566,266,53,4,1,1,35,111,2383
1240167,58,7,31,18,12,17,40,2384
942996,8,225,20,14,5,22,33,2385
944259,101,18,6,6,2,44,40,2386
1362265,89,48,62,22,12,12,47,2387
1514291,380,76,19,24,30,12,87,2388
690546,64,15,13,44,35,28,38,2389
1107711,182,23,13,5,11,5,29,2390
952784,147,16,3,1,0,33,71,2391
891398,29,22,27,34,30,9,57,2392
760537,48,7,14,2,3,10,6,2393
1004810,213,40,1,3,3,38,21,2394
1395806,255,71,22,4,4,8,45,2395
890330,133,58,0,0,0,10,67,2396
804359,12,19,1,2,0,3,13,2397
1257858,205,113,35,23,62,24,17,2398
4503368,449,12,13,29,13,24,172,2399
1465808,173,116,2,7,7,24,255,2400
1086882,67,17,68,10,44,5,54,2401
869310,55,81,13,4,16,33,90,2402
1173364,183,36,11,12,2,23,116,2403
933978,87,58,16,14,4,2,109,2404
976473,164,50,3,5,13,23,39,2405
1750573,48,389,28,26,17,24,208,2406
448733,39,2,5,9,12,16,52,2407
640734,17,6,1,1,1,4,7,2408
1707855,261,24,108,11,44,32,113,2409
882840,33,28,1,2,10,19,64,2410
1257054,191,33,1,1,0,69,96,2411
869734,24,24,11,2,7,7,6,2412
908666,146,12,10,9,15,17,54,2413
1405468,63,36,25,17,22,57,79,2414
1057942,32,134,10,40,1,15,2,2415
1107309,166,51,29,11,7,72,59,2416
1247655,70,23,6,12,7,5,26,2417
1128480,75,13,10,15,6,77,15,2418
767660,16,3,1,1,1,8,1,2419
822049,115,30,2,1,0,6,24,2420
2032751,59,30,12,14,5,19,76,2421
890478,23,17,17,4,2,10,4,2422
1502615,80,32,8,21,12,47,43,2423
402343,15,7,3,4,1,4,68,2424
1005076,151,44,7,12,2,43,30,2425
1077662,7,101,10,4,19,79,44,2426
1593651,10,37,48,42,14,90,73,2427
1095143,35,6,6,12,10,12,23,2428
967472,13,9,9,7,9,9,4,2429
801279,43,54,3,7,1,3,152,2430
1318454,162,234,131,13,8,18,18,2431
1098436,6,15,33,33,11,5,161,2432
970115,208,11,3,3,4,9,13,2433
1156126,59,18,8,7,2,3,25,2434
1114319,95,1,6,18,10,4,66,2435
2198889,171,75,12,4,5,68,320,2436
1036236,96,32,2,2,7,30,15,2437
872015,18,16,2,0,0,11,69,2438
2679881,544,45,28,40,33,87,359,2439
1426132,44,35,4,8,2,26,8,2440
2178534,504,59,22,3,8,61,139,2441
5666038,106,446,12,19,21,191,340,2442
918385,14,33,24,10,14,21,75,2443
1132913,33,107,65,37,26,57,114,2444
1460852,358,22,4,6,0,10,56,2445
973376,24,48,12,4,4,93,89,2446
1079349,54,9,0,0,0,27,45,2447
1158707,83,48,14,18,3,12,50,2448
626886,138,14,12,3,4,1,130,2449
975412,12,30,6,11,4,7,30,2450
4642478,327,473,15,31,120,30,241,2451
1085138,6,3,3,26,4,49,15,2452
1515749,75,17,5,6,3,52,30,2453
1022042,58,49,4,11,5,23,33,2454
1219828,90,33,11,14,7,10,38,2455
907047,122,20,9,8,13,21,87,2456
1419314,127,530,12,57,19,204,71,2457
696847,21,11,7,1,0,2,10,2458
925733,138,12,111,60,10,54,200,2459
841955,6,6,27,11,13,4,55,2460
1493866,273,167,29,33,11,47,225,2461
1052652,49,17,7,3,1,62,3,2462
1079698,57,26,11,8,2,88,9,2463
957803,173,6,4,4,11,74,21,2464
874817,38,49,3,0,0,10,17,2465
946815,43,11,3,0,0,9,13,2466
1323235,33,53,3,5,17,3,50,2467
1264166,256,37,7,8,9,5,40,2468
1162505,11,29,16,24,7,42,28,2469
428279,51,6,4,1,4,5,56,2470
1781721,365,5,59,8,6,25,4,2471
1890978,44,76,13,14,16,105,407,2472
3183828,383,155,9,24,36,6,580,2473
1297943,38,21,2,3,4,18,4,2474
977590,148,20,13,4,20,80,136,2475
1015849,28,11,3,0,0,17,7,2476
815611,43,5,7,5,6,4,5,2477
1342356,61,2,17,24,39,20,59,2478
1259603,63,126,4,1,4,55,29,2479
1088768,100,25,6,9,2,11,10,2480
1069469,22,25,3,3,0,7,88,2481
1081270,66,27,8,4,3,29,2,2482
1354522,56,40,0,0,0,3,19,2483
1034009,47,14,0,0,0,13,10,2484
1244502,41,80,1,2,1,20,115,2485
383080,6,27,0,0,0,0,2,2486
1031716,4,7,0,0,0,1,6,2487
1858990,421,24,1,0,0,19,50,2488
907844,18,8,1,0,0,7,2,2489
2664733,284,19,0,0,0,42,48,2490
1103163,46,23,5,0,0,2,4,2491
868290,10,5,0,0,0,2,1,2492
1026708,73,13,0,0,0,5,27,2493
1363680,90,54,4,0,0,5,33,2494
1005506,14,36,0,0,0,3,45,2495
1346060,125,7,6,4,0,4,27,2496
1128877,18,10,1,1,0,1,2,2497
956539,5,9,0,0,0,1,10,2498
1475823,7,82,0,0,0,46,62,2499
890748,34,28,7,1,0,17,18,2500
526794,56,20,0,0,0,6,20,2501
839040,6,2,1,1,1,1,13,2502
1164777,112,6,3,0,0,3,49,2503
1139827,50,20,3,6,1,3,9,2504
1436714,49,6,10,10,9,29,52,2505
967704,42,56,18,5,2,18,55,2506
1319327,196,25,12,3,11,17,9,2507
182975,23,11,3,1,1,2,1,2508
888252,168,35,22,10,1,23,3,2509
721731,63,23,5,11,4,24,40,2510
1051530,50,10,75,25,10,116,13,2511
552732,32,4,0,0,0,0,32,2512
734095,31,27,2,3,0,6,28,2513
834190,40,4,5,2,0,10,2,2514
748485,28,5,24,15,1,4,1,2515
1159426,236,73,29,13,4,16,104,2516
691593,56,9,16,5,5,13,18,2517
761258,93,112,17,20,23,32,132,2518
659384,5,10,14,3,1,2,4,2519
643011,18,9,5,13,2,8,7,2520
840855,26,53,5,8,29,5,21,2521
727807,64,5,2,1,0,7,26,2522
636463,10,7,4,1,1,2,42,2523
744793,31,7,10,15,3,17,14,2524
522917,17,9,3,0,0,3,24,2525
656113,50,29,1,7,8,6,37,2526
773317,8,8,1,3,8,19,34,2527
766721,9,3,10,10,5,36,11,2528
539207,5,1,0,0,0,0,9,2529
857850,32,56,11,2,4,28,97,2530
591131,79,20,7,6,1,24,30,2531
665328,17,7,1,0,0,5,5,2532
1070238,170,96,3,8,10,21,115,2533
248411,13,24,8,6,2,16,11,2534
646174,17,21,5,3,3,4,3,2535
707788,54,71,6,2,1,16,12,2536
566101,15,40,5,1,1,12,7,2537
1009069,677,170,6,9,8,27,124,2538
621431,25,4,4,1,1,3,18,2539
527314,28,6,3,0,0,1,7,2540
613915,7,38,4,3,2,9,18,2541
656791,39,26,19,12,3,8,60,2542
542088,15,7,5,1,1,2,5,2543
534824,31,3,3,4,4,5,3,2544
418368,1,31,6,0,0,4,1,2545
450430,1,8,14,1,2,3,22,2546
417470,7,20,1,0,0,13,6,2547
375647,30,24,1,1,0,4,5,2548
419309,147,37,5,7,7,107,75,2549
391721,11,3,5,3,0,12,14,2550
